-- MariaDB dump 10.19  Distrib 10.6.12-MariaDB, for debian-linux-gnu (x86_64)
--
-- Host: localhost    Database: xm
-- ------------------------------------------------------
-- Server version	8.1.0

/*!40101 SET @OLD_CHARACTER_SET_CLIENT=@@CHARACTER_SET_CLIENT */;
/*!40101 SET @OLD_CHARACTER_SET_RESULTS=@@CHARACTER_SET_RESULTS */;
/*!40101 SET @OLD_COLLATION_CONNECTION=@@COLLATION_CONNECTION */;
/*!40101 SET NAMES utf8mb4 */;
/*!40103 SET @OLD_TIME_ZONE=@@TIME_ZONE */;
/*!40103 SET TIME_ZONE='+00:00' */;
/*!40014 SET @OLD_UNIQUE_CHECKS=@@UNIQUE_CHECKS, UNIQUE_CHECKS=0 */;
/*!40014 SET @OLD_FOREIGN_KEY_CHECKS=@@FOREIGN_KEY_CHECKS, FOREIGN_KEY_CHECKS=0 */;
/*!40101 SET @OLD_SQL_MODE=@@SQL_MODE, SQL_MODE='NO_AUTO_VALUE_ON_ZERO' */;
/*!40111 SET @OLD_SQL_NOTES=@@SQL_NOTES, SQL_NOTES=0 */;

--
-- Table structure for table `failed_jobs`
--

DROP TABLE IF EXISTS `failed_jobs`;
/*!40101 SET @saved_cs_client     = @@character_set_client */;
/*!40101 SET character_set_client = utf8 */;
CREATE TABLE `failed_jobs` (
  `id` bigint unsigned NOT NULL AUTO_INCREMENT,
  `uuid` varchar(255) COLLATE utf8mb4_unicode_ci NOT NULL,
  `connection` text COLLATE utf8mb4_unicode_ci NOT NULL,
  `queue` text COLLATE utf8mb4_unicode_ci NOT NULL,
  `payload` longtext COLLATE utf8mb4_unicode_ci NOT NULL,
  `exception` longtext COLLATE utf8mb4_unicode_ci NOT NULL,
  `failed_at` timestamp NOT NULL DEFAULT CURRENT_TIMESTAMP,
  PRIMARY KEY (`id`),
  UNIQUE KEY `failed_jobs_uuid_unique` (`uuid`)
) ENGINE=InnoDB DEFAULT CHARSET=utf8mb4 COLLATE=utf8mb4_unicode_ci;
/*!40101 SET character_set_client = @saved_cs_client */;

--
-- Dumping data for table `failed_jobs`
--

LOCK TABLES `failed_jobs` WRITE;
/*!40000 ALTER TABLE `failed_jobs` DISABLE KEYS */;
/*!40000 ALTER TABLE `failed_jobs` ENABLE KEYS */;
UNLOCK TABLES;

--
-- Table structure for table `migrations`
--

DROP TABLE IF EXISTS `migrations`;
/*!40101 SET @saved_cs_client     = @@character_set_client */;
/*!40101 SET character_set_client = utf8 */;
CREATE TABLE `migrations` (
  `id` int unsigned NOT NULL AUTO_INCREMENT,
  `migration` varchar(255) COLLATE utf8mb4_unicode_ci NOT NULL,
  `batch` int NOT NULL,
  PRIMARY KEY (`id`)
) ENGINE=InnoDB AUTO_INCREMENT=7 DEFAULT CHARSET=utf8mb4 COLLATE=utf8mb4_unicode_ci;
/*!40101 SET character_set_client = @saved_cs_client */;

--
-- Dumping data for table `migrations`
--

LOCK TABLES `migrations` WRITE;
/*!40000 ALTER TABLE `migrations` DISABLE KEYS */;
INSERT INTO `migrations` VALUES (1,'2014_10_12_000000_create_users_table',1),(2,'2014_10_12_100000_create_password_reset_tokens_table',1),(3,'2019_08_19_000000_create_failed_jobs_table',1),(4,'2019_12_14_000001_create_personal_access_tokens_table',1),(5,'2023_10_20_164206_create_symbols_table',1),(6,'2023_10_20_164218_create_symbols_history_table',1);
/*!40000 ALTER TABLE `migrations` ENABLE KEYS */;
UNLOCK TABLES;

--
-- Table structure for table `password_reset_tokens`
--

DROP TABLE IF EXISTS `password_reset_tokens`;
/*!40101 SET @saved_cs_client     = @@character_set_client */;
/*!40101 SET character_set_client = utf8 */;
CREATE TABLE `password_reset_tokens` (
  `email` varchar(255) COLLATE utf8mb4_unicode_ci NOT NULL,
  `token` varchar(255) COLLATE utf8mb4_unicode_ci NOT NULL,
  `created_at` timestamp NULL DEFAULT NULL,
  PRIMARY KEY (`email`)
) ENGINE=InnoDB DEFAULT CHARSET=utf8mb4 COLLATE=utf8mb4_unicode_ci;
/*!40101 SET character_set_client = @saved_cs_client */;

--
-- Dumping data for table `password_reset_tokens`
--

LOCK TABLES `password_reset_tokens` WRITE;
/*!40000 ALTER TABLE `password_reset_tokens` DISABLE KEYS */;
/*!40000 ALTER TABLE `password_reset_tokens` ENABLE KEYS */;
UNLOCK TABLES;

--
-- Table structure for table `personal_access_tokens`
--

DROP TABLE IF EXISTS `personal_access_tokens`;
/*!40101 SET @saved_cs_client     = @@character_set_client */;
/*!40101 SET character_set_client = utf8 */;
CREATE TABLE `personal_access_tokens` (
  `id` bigint unsigned NOT NULL AUTO_INCREMENT,
  `tokenable_type` varchar(255) COLLATE utf8mb4_unicode_ci NOT NULL,
  `tokenable_id` bigint unsigned NOT NULL,
  `name` varchar(255) COLLATE utf8mb4_unicode_ci NOT NULL,
  `token` varchar(64) COLLATE utf8mb4_unicode_ci NOT NULL,
  `abilities` text COLLATE utf8mb4_unicode_ci,
  `last_used_at` timestamp NULL DEFAULT NULL,
  `expires_at` timestamp NULL DEFAULT NULL,
  `created_at` timestamp NULL DEFAULT NULL,
  `updated_at` timestamp NULL DEFAULT NULL,
  PRIMARY KEY (`id`),
  UNIQUE KEY `personal_access_tokens_token_unique` (`token`),
  KEY `personal_access_tokens_tokenable_type_tokenable_id_index` (`tokenable_type`,`tokenable_id`)
) ENGINE=InnoDB DEFAULT CHARSET=utf8mb4 COLLATE=utf8mb4_unicode_ci;
/*!40101 SET character_set_client = @saved_cs_client */;

--
-- Dumping data for table `personal_access_tokens`
--

LOCK TABLES `personal_access_tokens` WRITE;
/*!40000 ALTER TABLE `personal_access_tokens` DISABLE KEYS */;
/*!40000 ALTER TABLE `personal_access_tokens` ENABLE KEYS */;
UNLOCK TABLES;

--
-- Table structure for table `symbols`
--

DROP TABLE IF EXISTS `symbols`;
/*!40101 SET @saved_cs_client     = @@character_set_client */;
/*!40101 SET character_set_client = utf8 */;
CREATE TABLE `symbols` (
  `id` bigint unsigned NOT NULL AUTO_INCREMENT,
  `market` varchar(10) COLLATE utf8mb4_unicode_ci NOT NULL,
  `symbol` varchar(10) COLLATE utf8mb4_unicode_ci NOT NULL,
  `timezone` varchar(20) COLLATE utf8mb4_unicode_ci NOT NULL,
  `created_at` timestamp NULL DEFAULT NULL,
  `updated_at` timestamp NULL DEFAULT NULL,
  PRIMARY KEY (`id`),
  UNIQUE KEY `MarketSymbol` (`market`,`symbol`,`timezone`)
) ENGINE=InnoDB AUTO_INCREMENT=11 DEFAULT CHARSET=utf8mb4 COLLATE=utf8mb4_unicode_ci;
/*!40101 SET character_set_client = @saved_cs_client */;

--
-- Dumping data for table `symbols`
--

LOCK TABLES `symbols` WRITE;
/*!40000 ALTER TABLE `symbols` DISABLE KEYS */;
INSERT INTO `symbols` VALUES (1,'USA','IBM','US/Eastern','2023-10-22 13:16:14','2023-10-22 13:16:14'),(2,'USA','ORCL','US/Eastern','2023-10-22 13:16:26','2023-10-22 13:16:26'),(3,'USA','AXP','US/Eastern','2023-10-22 13:16:39','2023-10-22 13:16:39'),(4,'USA','SEDG','US/Eastern','2023-10-22 13:16:52','2023-10-22 13:16:52'),(5,'USA','ENPH','US/Eastern','2023-10-22 13:17:06','2023-10-22 13:17:06'),(6,'USA','MARA','US/Eastern','2023-10-22 13:17:19','2023-10-22 13:17:19'),(7,'USA','SLB','US/Eastern','2023-10-22 13:17:32','2023-10-22 13:17:32'),(8,'USA','ARM','US/Eastern','2023-10-22 13:17:45','2023-10-22 13:17:45'),(9,'USA','LIPO','US/Eastern','2023-10-22 13:17:57','2023-10-22 13:17:57'),(10,'USA','RIG','US/Eastern','2023-10-22 13:18:11','2023-10-22 13:18:11');
/*!40000 ALTER TABLE `symbols` ENABLE KEYS */;
UNLOCK TABLES;

--
-- Table structure for table `symbols_history`
--

DROP TABLE IF EXISTS `symbols_history`;
/*!40101 SET @saved_cs_client     = @@character_set_client */;
/*!40101 SET character_set_client = utf8 */;
CREATE TABLE `symbols_history` (
  `id` bigint unsigned NOT NULL AUTO_INCREMENT,
  `symbols_id` bigint NOT NULL,
  `time` datetime NOT NULL,
  `open` double(8,2) NOT NULL,
  `high` double(8,2) NOT NULL,
  `low` double(8,2) NOT NULL,
  `close` double(8,2) NOT NULL,
  `volume` int NOT NULL,
  `created_at` timestamp NULL DEFAULT NULL,
  `updated_at` timestamp NULL DEFAULT NULL,
  PRIMARY KEY (`id`),
  KEY `TimeSymbol` (`time`,`symbols_id`),
  KEY `SymbolTime` (`symbols_id`,`time`),
  KEY `symbolsId` (`symbols_id`)
) ENGINE=InnoDB AUTO_INCREMENT=1001 DEFAULT CHARSET=utf8mb4 COLLATE=utf8mb4_unicode_ci;
/*!40101 SET character_set_client = @saved_cs_client */;

--
-- Dumping data for table `symbols_history`
--

LOCK TABLES `symbols_history` WRITE;
/*!40000 ALTER TABLE `symbols_history` DISABLE KEYS */;
INSERT INTO `symbols_history` VALUES (1,1,'2023-10-20 19:55:00',137.15,137.15,137.10,137.10,26,'2023-10-22 13:16:14','2023-10-22 13:16:14'),(2,1,'2023-10-20 19:35:00',137.07,137.07,137.07,137.07,1,'2023-10-22 13:16:14','2023-10-22 13:16:14'),(3,1,'2023-10-20 19:30:00',137.15,137.15,137.15,137.15,18,'2023-10-22 13:16:14','2023-10-22 13:16:14'),(4,1,'2023-10-20 19:25:00',137.35,137.35,137.28,137.28,11,'2023-10-22 13:16:14','2023-10-22 13:16:14'),(5,1,'2023-10-20 19:15:00',137.33,137.33,137.33,137.33,1,'2023-10-22 13:16:14','2023-10-22 13:16:14'),(6,1,'2023-10-20 19:00:00',137.16,137.16,137.01,137.01,609930,'2023-10-22 13:16:14','2023-10-22 13:16:14'),(7,1,'2023-10-20 18:55:00',137.34,137.34,137.01,137.01,16,'2023-10-22 13:16:14','2023-10-22 13:16:14'),(8,1,'2023-10-20 18:50:00',137.01,137.01,137.01,137.01,15,'2023-10-22 13:16:14','2023-10-22 13:16:14'),(9,1,'2023-10-20 18:40:00',137.04,137.04,137.04,137.04,13,'2023-10-22 13:16:14','2023-10-22 13:16:14'),(10,1,'2023-10-20 18:35:00',137.35,137.35,137.05,137.07,28,'2023-10-22 13:16:14','2023-10-22 13:16:14'),(11,1,'2023-10-20 18:30:00',137.16,137.16,137.16,137.16,609879,'2023-10-22 13:16:14','2023-10-22 13:16:14'),(12,1,'2023-10-20 18:15:00',137.01,137.04,137.01,137.04,46,'2023-10-22 13:16:14','2023-10-22 13:16:14'),(13,1,'2023-10-20 18:05:00',137.27,137.34,137.02,137.02,65,'2023-10-22 13:16:14','2023-10-22 13:16:14'),(14,1,'2023-10-20 18:00:00',137.40,137.40,137.40,137.40,2,'2023-10-22 13:16:14','2023-10-22 13:16:14'),(15,1,'2023-10-20 17:55:00',137.07,137.07,137.07,137.07,1,'2023-10-22 13:16:14','2023-10-22 13:16:14'),(16,1,'2023-10-20 17:40:00',137.01,137.01,137.01,137.01,5,'2023-10-22 13:16:14','2023-10-22 13:16:14'),(17,1,'2023-10-20 17:35:00',137.01,137.01,137.01,137.01,1,'2023-10-22 13:16:14','2023-10-22 13:16:14'),(18,1,'2023-10-20 17:30:00',137.01,137.01,137.01,137.01,25,'2023-10-22 13:16:14','2023-10-22 13:16:14'),(19,1,'2023-10-20 17:20:00',137.34,137.34,137.34,137.34,1,'2023-10-22 13:16:14','2023-10-22 13:16:14'),(20,1,'2023-10-20 17:15:00',137.39,137.39,137.01,137.01,7,'2023-10-22 13:16:14','2023-10-22 13:16:14'),(21,1,'2023-10-20 17:10:00',137.17,137.18,137.07,137.07,105,'2023-10-22 13:16:14','2023-10-22 13:16:14'),(22,1,'2023-10-20 17:05:00',137.40,137.40,137.16,137.18,313,'2023-10-22 13:16:14','2023-10-22 13:16:14'),(23,1,'2023-10-20 16:55:00',137.16,137.16,137.16,137.16,12485,'2023-10-22 13:16:14','2023-10-22 13:16:14'),(24,1,'2023-10-20 16:50:00',137.38,137.38,137.38,137.38,2,'2023-10-22 13:16:14','2023-10-22 13:16:14'),(25,1,'2023-10-20 16:40:00',137.00,137.00,137.00,137.00,80,'2023-10-22 13:16:14','2023-10-22 13:16:14'),(26,1,'2023-10-20 16:35:00',137.38,137.43,137.38,137.43,791,'2023-10-22 13:16:14','2023-10-22 13:16:14'),(27,1,'2023-10-20 16:30:00',137.40,137.40,137.40,137.40,5,'2023-10-22 13:16:14','2023-10-22 13:16:14'),(28,1,'2023-10-20 16:25:00',137.14,138.20,137.14,138.20,20,'2023-10-22 13:16:14','2023-10-22 13:16:14'),(29,1,'2023-10-20 16:20:00',137.16,137.16,137.00,137.00,7366,'2023-10-22 13:16:14','2023-10-22 13:16:14'),(30,1,'2023-10-20 16:15:00',137.16,137.16,137.00,137.00,301,'2023-10-22 13:16:14','2023-10-22 13:16:14'),(31,1,'2023-10-20 16:10:00',137.16,137.16,137.16,137.16,609879,'2023-10-22 13:16:14','2023-10-22 13:16:14'),(32,1,'2023-10-20 16:05:00',137.16,137.16,137.16,137.16,2431,'2023-10-22 13:16:14','2023-10-22 13:16:14'),(33,1,'2023-10-20 16:00:00',137.13,137.30,136.94,137.00,1544264,'2023-10-22 13:16:14','2023-10-22 13:16:14'),(34,1,'2023-10-20 15:55:00',137.23,137.36,137.12,137.16,264696,'2023-10-22 13:16:14','2023-10-22 13:16:14'),(35,1,'2023-10-20 15:50:00',137.25,137.31,137.19,137.23,141377,'2023-10-22 13:16:14','2023-10-22 13:16:14'),(36,1,'2023-10-20 15:45:00',137.20,137.31,137.13,137.29,83925,'2023-10-22 13:16:14','2023-10-22 13:16:14'),(37,1,'2023-10-20 15:40:00',137.38,137.38,137.20,137.21,62707,'2023-10-22 13:16:14','2023-10-22 13:16:14'),(38,1,'2023-10-20 15:35:00',137.35,137.47,137.29,137.39,34536,'2023-10-22 13:16:14','2023-10-22 13:16:14'),(39,1,'2023-10-20 15:30:00',137.35,137.40,137.27,137.36,40531,'2023-10-22 13:16:14','2023-10-22 13:16:14'),(40,1,'2023-10-20 15:25:00',137.25,137.39,137.21,137.36,32237,'2023-10-22 13:16:14','2023-10-22 13:16:14'),(41,1,'2023-10-20 15:20:00',137.57,137.57,137.25,137.25,31879,'2023-10-22 13:16:14','2023-10-22 13:16:14'),(42,1,'2023-10-20 15:15:00',137.29,137.62,137.25,137.59,55610,'2023-10-22 13:16:14','2023-10-22 13:16:14'),(43,1,'2023-10-20 15:10:00',137.34,137.37,137.16,137.31,35534,'2023-10-22 13:16:14','2023-10-22 13:16:14'),(44,1,'2023-10-20 15:05:00',137.36,137.43,137.35,137.35,30827,'2023-10-22 13:16:14','2023-10-22 13:16:14'),(45,1,'2023-10-20 15:00:00',137.32,137.48,137.30,137.36,29841,'2023-10-22 13:16:14','2023-10-22 13:16:14'),(46,1,'2023-10-20 14:55:00',137.37,137.49,137.29,137.33,28485,'2023-10-22 13:16:14','2023-10-22 13:16:14'),(47,1,'2023-10-20 14:50:00',137.38,137.44,137.34,137.35,30588,'2023-10-22 13:16:14','2023-10-22 13:16:14'),(48,1,'2023-10-20 14:45:00',137.49,137.59,137.39,137.39,51762,'2023-10-22 13:16:14','2023-10-22 13:16:14'),(49,1,'2023-10-20 14:40:00',137.47,137.51,137.38,137.49,20351,'2023-10-22 13:16:14','2023-10-22 13:16:14'),(50,1,'2023-10-20 14:35:00',137.32,137.52,137.31,137.48,39673,'2023-10-22 13:16:14','2023-10-22 13:16:14'),(51,1,'2023-10-20 14:30:00',137.19,137.35,137.12,137.31,27226,'2023-10-22 13:16:14','2023-10-22 13:16:14'),(52,1,'2023-10-20 14:25:00',137.23,137.24,137.16,137.19,31380,'2023-10-22 13:16:14','2023-10-22 13:16:14'),(53,1,'2023-10-20 14:20:00',137.27,137.31,137.23,137.23,74442,'2023-10-22 13:16:14','2023-10-22 13:16:14'),(54,1,'2023-10-20 14:15:00',137.43,137.46,137.25,137.27,68607,'2023-10-22 13:16:14','2023-10-22 13:16:14'),(55,1,'2023-10-20 14:10:00',137.66,137.66,137.43,137.46,29887,'2023-10-22 13:16:14','2023-10-22 13:16:14'),(56,1,'2023-10-20 14:05:00',137.69,137.74,137.56,137.67,25496,'2023-10-22 13:16:14','2023-10-22 13:16:14'),(57,1,'2023-10-20 14:00:00',137.82,137.84,137.69,137.69,32418,'2023-10-22 13:16:14','2023-10-22 13:16:14'),(58,1,'2023-10-20 13:55:00',137.66,137.82,137.64,137.81,46841,'2023-10-22 13:16:14','2023-10-22 13:16:14'),(59,1,'2023-10-20 13:50:00',137.59,137.65,137.54,137.65,30612,'2023-10-22 13:16:14','2023-10-22 13:16:14'),(60,1,'2023-10-20 13:45:00',137.75,137.76,137.56,137.59,38286,'2023-10-22 13:16:14','2023-10-22 13:16:14'),(61,1,'2023-10-20 13:40:00',137.65,137.80,137.65,137.74,26389,'2023-10-22 13:16:14','2023-10-22 13:16:14'),(62,1,'2023-10-20 13:35:00',137.80,137.82,137.61,137.64,24789,'2023-10-22 13:16:14','2023-10-22 13:16:14'),(63,1,'2023-10-20 13:30:00',137.82,137.87,137.69,137.81,33019,'2023-10-22 13:16:14','2023-10-22 13:16:14'),(64,1,'2023-10-20 13:25:00',138.01,138.01,137.80,137.81,29110,'2023-10-22 13:16:14','2023-10-22 13:16:14'),(65,1,'2023-10-20 13:20:00',138.09,138.09,137.91,138.02,29765,'2023-10-22 13:16:14','2023-10-22 13:16:14'),(66,1,'2023-10-20 13:15:00',137.74,138.17,137.68,138.09,61260,'2023-10-22 13:16:14','2023-10-22 13:16:14'),(67,1,'2023-10-20 13:10:00',137.85,137.89,137.74,137.74,51003,'2023-10-22 13:16:14','2023-10-22 13:16:14'),(68,1,'2023-10-20 13:05:00',138.03,138.03,137.85,137.86,247628,'2023-10-22 13:16:14','2023-10-22 13:16:14'),(69,1,'2023-10-20 13:00:00',138.34,138.34,138.02,138.03,28068,'2023-10-22 13:16:14','2023-10-22 13:16:14'),(70,1,'2023-10-20 12:55:00',138.16,138.39,138.16,138.33,39883,'2023-10-22 13:16:14','2023-10-22 13:16:14'),(71,1,'2023-10-20 12:50:00',138.32,138.32,138.15,138.16,41288,'2023-10-22 13:16:14','2023-10-22 13:16:14'),(72,1,'2023-10-20 12:45:00',138.12,138.32,138.11,138.31,34763,'2023-10-22 13:16:14','2023-10-22 13:16:14'),(73,1,'2023-10-20 12:40:00',138.37,138.37,138.11,138.12,42118,'2023-10-22 13:16:14','2023-10-22 13:16:14'),(74,1,'2023-10-20 12:35:00',138.26,138.41,138.22,138.36,54483,'2023-10-22 13:16:14','2023-10-22 13:16:14'),(75,1,'2023-10-20 12:30:00',138.30,138.36,138.26,138.26,28206,'2023-10-22 13:16:14','2023-10-22 13:16:14'),(76,1,'2023-10-20 12:25:00',138.47,138.47,138.28,138.29,33554,'2023-10-22 13:16:14','2023-10-22 13:16:14'),(77,1,'2023-10-20 12:20:00',138.33,138.45,138.29,138.45,34255,'2023-10-22 13:16:14','2023-10-22 13:16:14'),(78,1,'2023-10-20 12:15:00',138.27,138.38,138.24,138.33,22058,'2023-10-22 13:16:14','2023-10-22 13:16:14'),(79,1,'2023-10-20 12:10:00',138.28,138.31,138.24,138.26,21501,'2023-10-22 13:16:14','2023-10-22 13:16:14'),(80,1,'2023-10-20 12:05:00',138.31,138.32,138.15,138.28,22909,'2023-10-22 13:16:14','2023-10-22 13:16:14'),(81,1,'2023-10-20 12:00:00',138.48,138.49,138.20,138.35,41073,'2023-10-22 13:16:14','2023-10-22 13:16:14'),(82,1,'2023-10-20 11:55:00',138.43,138.52,138.43,138.47,29019,'2023-10-22 13:16:14','2023-10-22 13:16:14'),(83,1,'2023-10-20 11:50:00',138.54,138.54,138.36,138.43,20112,'2023-10-22 13:16:14','2023-10-22 13:16:14'),(84,1,'2023-10-20 11:45:00',138.32,138.53,138.26,138.52,41622,'2023-10-22 13:16:14','2023-10-22 13:16:14'),(85,1,'2023-10-20 11:40:00',138.57,138.57,138.33,138.33,44627,'2023-10-22 13:16:14','2023-10-22 13:16:14'),(86,1,'2023-10-20 11:35:00',138.52,138.63,138.47,138.57,57648,'2023-10-22 13:16:14','2023-10-22 13:16:14'),(87,1,'2023-10-20 11:30:00',138.44,138.53,138.33,138.51,38820,'2023-10-22 13:16:14','2023-10-22 13:16:14'),(88,1,'2023-10-20 11:25:00',138.46,138.50,138.34,138.45,41724,'2023-10-22 13:16:14','2023-10-22 13:16:14'),(89,1,'2023-10-20 11:20:00',138.60,138.60,138.41,138.46,24008,'2023-10-22 13:16:14','2023-10-22 13:16:14'),(90,1,'2023-10-20 11:15:00',138.70,138.73,138.47,138.60,48404,'2023-10-22 13:16:14','2023-10-22 13:16:14'),(91,1,'2023-10-20 11:10:00',138.61,138.72,138.53,138.69,45921,'2023-10-22 13:16:14','2023-10-22 13:16:14'),(92,1,'2023-10-20 11:05:00',138.53,138.64,138.51,138.63,36508,'2023-10-22 13:16:14','2023-10-22 13:16:14'),(93,1,'2023-10-20 11:00:00',138.33,138.60,138.31,138.54,88771,'2023-10-22 13:16:14','2023-10-22 13:16:14'),(94,1,'2023-10-20 10:55:00',138.48,138.53,138.31,138.34,20067,'2023-10-22 13:16:14','2023-10-22 13:16:14'),(95,1,'2023-10-20 10:50:00',138.53,138.53,138.41,138.49,30529,'2023-10-22 13:16:14','2023-10-22 13:16:14'),(96,1,'2023-10-20 10:45:00',138.42,138.58,138.36,138.52,22680,'2023-10-22 13:16:14','2023-10-22 13:16:14'),(97,1,'2023-10-20 10:40:00',138.47,138.51,138.33,138.41,35124,'2023-10-22 13:16:14','2023-10-22 13:16:14'),(98,1,'2023-10-20 10:35:00',138.54,138.62,138.44,138.49,25901,'2023-10-22 13:16:14','2023-10-22 13:16:14'),(99,1,'2023-10-20 10:30:00',138.54,138.62,138.36,138.56,39370,'2023-10-22 13:16:14','2023-10-22 13:16:14'),(100,1,'2023-10-20 10:25:00',138.45,138.63,138.45,138.56,22317,'2023-10-22 13:16:14','2023-10-22 13:16:14'),(101,2,'2023-10-20 19:55:00',101.55,101.65,101.51,101.51,212,'2023-10-22 13:16:26','2023-10-22 13:16:26'),(102,2,'2023-10-20 19:50:00',101.50,101.55,101.50,101.52,87,'2023-10-22 13:16:26','2023-10-22 13:16:26'),(103,2,'2023-10-20 19:40:00',101.50,101.65,101.50,101.50,59,'2023-10-22 13:16:26','2023-10-22 13:16:26'),(104,2,'2023-10-20 19:35:00',101.55,101.65,101.55,101.55,5,'2023-10-22 13:16:26','2023-10-22 13:16:26'),(105,2,'2023-10-20 19:30:00',101.59,101.62,101.50,101.50,1034,'2023-10-22 13:16:26','2023-10-22 13:16:26'),(106,2,'2023-10-20 19:25:00',101.75,101.75,101.70,101.75,14,'2023-10-22 13:16:26','2023-10-22 13:16:26'),(107,2,'2023-10-20 19:20:00',101.70,101.75,101.60,101.74,75,'2023-10-22 13:16:26','2023-10-22 13:16:26'),(108,2,'2023-10-20 19:15:00',101.75,101.75,101.75,101.75,100,'2023-10-22 13:16:26','2023-10-22 13:16:26'),(109,2,'2023-10-20 19:10:00',101.70,101.70,101.70,101.70,1,'2023-10-22 13:16:26','2023-10-22 13:16:26'),(110,2,'2023-10-20 19:05:00',101.51,101.51,101.51,101.51,5,'2023-10-22 13:16:26','2023-10-22 13:16:26'),(111,2,'2023-10-20 19:00:00',101.85,101.85,101.70,101.70,1116238,'2023-10-22 13:16:26','2023-10-22 13:16:26'),(112,2,'2023-10-20 18:55:00',101.78,101.78,101.74,101.74,12,'2023-10-22 13:16:26','2023-10-22 13:16:26'),(113,2,'2023-10-20 18:50:00',101.78,101.78,101.78,101.78,1,'2023-10-22 13:16:26','2023-10-22 13:16:26'),(114,2,'2023-10-20 18:45:00',101.72,101.72,101.62,101.62,467,'2023-10-22 13:16:26','2023-10-22 13:16:26'),(115,2,'2023-10-20 18:40:00',101.73,101.73,101.70,101.70,7,'2023-10-22 13:16:26','2023-10-22 13:16:26'),(116,2,'2023-10-20 18:35:00',101.78,101.78,101.66,101.66,9,'2023-10-22 13:16:26','2023-10-22 13:16:26'),(117,2,'2023-10-20 18:30:00',101.85,101.85,101.78,101.78,1116292,'2023-10-22 13:16:26','2023-10-22 13:16:26'),(118,2,'2023-10-20 18:25:00',101.78,101.78,101.70,101.70,152,'2023-10-22 13:16:26','2023-10-22 13:16:26'),(119,2,'2023-10-20 18:20:00',101.50,101.70,101.50,101.70,80,'2023-10-22 13:16:26','2023-10-22 13:16:26'),(120,2,'2023-10-20 18:15:00',101.70,101.75,101.70,101.75,42,'2023-10-22 13:16:26','2023-10-22 13:16:26'),(121,2,'2023-10-20 18:10:00',101.75,101.75,101.70,101.75,140,'2023-10-22 13:16:26','2023-10-22 13:16:26'),(122,2,'2023-10-20 18:05:00',101.74,101.74,101.70,101.70,107,'2023-10-22 13:16:26','2023-10-22 13:16:26'),(123,2,'2023-10-20 18:00:00',101.75,101.78,101.60,101.62,549,'2023-10-22 13:16:26','2023-10-22 13:16:26'),(124,2,'2023-10-20 17:55:00',101.80,101.80,101.64,101.75,61,'2023-10-22 13:16:26','2023-10-22 13:16:26'),(125,2,'2023-10-20 17:50:00',101.83,101.83,101.61,101.75,147,'2023-10-22 13:16:26','2023-10-22 13:16:26'),(126,2,'2023-10-20 17:45:00',101.64,101.75,101.64,101.74,44,'2023-10-22 13:16:26','2023-10-22 13:16:26'),(127,2,'2023-10-20 17:40:00',101.75,101.77,101.61,101.64,308,'2023-10-22 13:16:26','2023-10-22 13:16:26'),(128,2,'2023-10-20 17:35:00',101.70,101.84,101.62,101.84,156,'2023-10-22 13:16:26','2023-10-22 13:16:26'),(129,2,'2023-10-20 17:30:00',101.66,101.84,101.62,101.75,357,'2023-10-22 13:16:26','2023-10-22 13:16:26'),(130,2,'2023-10-20 17:25:00',101.72,101.79,101.61,101.70,146,'2023-10-22 13:16:26','2023-10-22 13:16:26'),(131,2,'2023-10-20 17:20:00',101.84,101.84,101.70,101.70,68,'2023-10-22 13:16:26','2023-10-22 13:16:26'),(132,2,'2023-10-20 17:15:00',101.73,101.73,101.70,101.70,95,'2023-10-22 13:16:26','2023-10-22 13:16:26'),(133,2,'2023-10-20 17:10:00',101.75,101.75,101.65,101.75,325,'2023-10-22 13:16:26','2023-10-22 13:16:26'),(134,2,'2023-10-20 17:05:00',101.75,101.75,101.73,101.73,22,'2023-10-22 13:16:26','2023-10-22 13:16:26'),(135,2,'2023-10-20 17:00:00',101.61,101.75,101.61,101.72,762,'2023-10-22 13:16:26','2023-10-22 13:16:26'),(136,2,'2023-10-20 16:55:00',101.80,101.85,101.56,101.85,83309,'2023-10-22 13:16:26','2023-10-22 13:16:26'),(137,2,'2023-10-20 16:50:00',101.75,101.81,101.75,101.79,214,'2023-10-22 13:16:26','2023-10-22 13:16:26'),(138,2,'2023-10-20 16:45:00',101.78,101.82,101.75,101.82,544,'2023-10-22 13:16:26','2023-10-22 13:16:26'),(139,2,'2023-10-20 16:40:00',101.76,101.83,101.76,101.83,28,'2023-10-22 13:16:26','2023-10-22 13:16:26'),(140,2,'2023-10-20 16:35:00',101.83,101.83,101.75,101.78,322,'2023-10-22 13:16:26','2023-10-22 13:16:26'),(141,2,'2023-10-20 16:30:00',101.75,101.83,101.75,101.83,210,'2023-10-22 13:16:26','2023-10-22 13:16:26'),(142,2,'2023-10-20 16:25:00',101.85,101.85,101.75,101.75,1268,'2023-10-22 13:16:26','2023-10-22 13:16:26'),(143,2,'2023-10-20 16:20:00',101.85,101.89,101.79,101.88,20958,'2023-10-22 13:16:26','2023-10-22 13:16:26'),(144,2,'2023-10-20 16:15:00',101.85,102.62,101.84,102.62,319,'2023-10-22 13:16:26','2023-10-22 13:16:26'),(145,2,'2023-10-20 16:10:00',101.85,101.90,101.84,101.90,1117525,'2023-10-22 13:16:26','2023-10-22 13:16:26'),(146,2,'2023-10-20 16:05:00',101.85,102.04,101.82,101.86,20584,'2023-10-22 13:16:26','2023-10-22 13:16:26'),(147,2,'2023-10-20 16:00:00',101.85,102.00,101.81,101.85,2809348,'2023-10-22 13:16:26','2023-10-22 13:16:26'),(148,2,'2023-10-20 15:55:00',101.87,102.05,101.82,101.85,819323,'2023-10-22 13:16:26','2023-10-22 13:16:26'),(149,2,'2023-10-20 15:50:00',101.86,101.95,101.83,101.87,522422,'2023-10-22 13:16:26','2023-10-22 13:16:26'),(150,2,'2023-10-20 15:45:00',101.92,101.92,101.71,101.86,326410,'2023-10-22 13:16:26','2023-10-22 13:16:26'),(151,2,'2023-10-20 15:40:00',102.12,102.12,101.90,101.93,217746,'2023-10-22 13:16:26','2023-10-22 13:16:26'),(152,2,'2023-10-20 15:35:00',102.29,102.33,102.00,102.13,232959,'2023-10-22 13:16:27','2023-10-22 13:16:27'),(153,2,'2023-10-20 15:30:00',102.08,102.32,102.06,102.31,306560,'2023-10-22 13:16:27','2023-10-22 13:16:27'),(154,2,'2023-10-20 15:25:00',101.82,102.08,101.81,102.08,208769,'2023-10-22 13:16:27','2023-10-22 13:16:27'),(155,2,'2023-10-20 15:20:00',101.94,101.94,101.70,101.83,222467,'2023-10-22 13:16:27','2023-10-22 13:16:27'),(156,2,'2023-10-20 15:15:00',101.78,101.97,101.73,101.94,164457,'2023-10-22 13:16:27','2023-10-22 13:16:27'),(157,2,'2023-10-20 15:10:00',101.78,101.80,101.64,101.78,153487,'2023-10-22 13:16:27','2023-10-22 13:16:27'),(158,2,'2023-10-20 15:05:00',101.69,101.92,101.69,101.78,156515,'2023-10-22 13:16:27','2023-10-22 13:16:27'),(159,2,'2023-10-20 15:00:00',101.54,101.85,101.52,101.70,127504,'2023-10-22 13:16:27','2023-10-22 13:16:27'),(160,2,'2023-10-20 14:55:00',101.48,101.61,101.40,101.53,110500,'2023-10-22 13:16:27','2023-10-22 13:16:27'),(161,2,'2023-10-20 14:50:00',101.37,101.53,101.31,101.48,105694,'2023-10-22 13:16:27','2023-10-22 13:16:27'),(162,2,'2023-10-20 14:45:00',101.39,101.45,101.23,101.36,77575,'2023-10-22 13:16:27','2023-10-22 13:16:27'),(163,2,'2023-10-20 14:40:00',101.39,101.40,101.14,101.39,124106,'2023-10-22 13:16:27','2023-10-22 13:16:27'),(164,2,'2023-10-20 14:35:00',101.47,101.64,101.34,101.40,99157,'2023-10-22 13:16:27','2023-10-22 13:16:27'),(165,2,'2023-10-20 14:30:00',101.32,101.50,101.05,101.48,172654,'2023-10-22 13:16:27','2023-10-22 13:16:27'),(166,2,'2023-10-20 14:25:00',101.40,101.42,101.20,101.32,106911,'2023-10-22 13:16:27','2023-10-22 13:16:27'),(167,2,'2023-10-20 14:20:00',101.60,101.63,101.39,101.40,109827,'2023-10-22 13:16:27','2023-10-22 13:16:27'),(168,2,'2023-10-20 14:15:00',101.77,101.78,101.50,101.60,182563,'2023-10-22 13:16:27','2023-10-22 13:16:27'),(169,2,'2023-10-20 14:10:00',102.03,102.03,101.71,101.79,129132,'2023-10-22 13:16:27','2023-10-22 13:16:27'),(170,2,'2023-10-20 14:05:00',102.16,102.19,101.98,102.03,307605,'2023-10-22 13:16:27','2023-10-22 13:16:27'),(171,2,'2023-10-20 14:00:00',102.09,102.30,102.06,102.16,222005,'2023-10-22 13:16:27','2023-10-22 13:16:27'),(172,2,'2023-10-20 13:55:00',101.93,102.09,101.83,102.09,184225,'2023-10-22 13:16:27','2023-10-22 13:16:27'),(173,2,'2023-10-20 13:50:00',101.88,102.05,101.79,101.94,122803,'2023-10-22 13:16:27','2023-10-22 13:16:27'),(174,2,'2023-10-20 13:45:00',102.19,102.22,101.85,101.86,101510,'2023-10-22 13:16:27','2023-10-22 13:16:27'),(175,2,'2023-10-20 13:40:00',101.99,102.27,101.99,102.19,109958,'2023-10-22 13:16:27','2023-10-22 13:16:27'),(176,2,'2023-10-20 13:35:00',102.19,102.25,101.98,102.00,97676,'2023-10-22 13:16:27','2023-10-22 13:16:27'),(177,2,'2023-10-20 13:30:00',102.14,102.24,102.10,102.20,114499,'2023-10-22 13:16:27','2023-10-22 13:16:27'),(178,2,'2023-10-20 13:25:00',102.34,102.34,102.05,102.15,154122,'2023-10-22 13:16:27','2023-10-22 13:16:27'),(179,2,'2023-10-20 13:20:00',102.38,102.49,102.24,102.34,153735,'2023-10-22 13:16:27','2023-10-22 13:16:27'),(180,2,'2023-10-20 13:15:00',102.02,102.41,101.89,102.36,150708,'2023-10-22 13:16:27','2023-10-22 13:16:27'),(181,2,'2023-10-20 13:10:00',102.03,102.18,102.00,102.02,128618,'2023-10-22 13:16:27','2023-10-22 13:16:27'),(182,2,'2023-10-20 13:05:00',102.01,102.03,101.89,102.02,132855,'2023-10-22 13:16:27','2023-10-22 13:16:27'),(183,2,'2023-10-20 13:00:00',102.30,102.33,101.92,102.00,134445,'2023-10-22 13:16:27','2023-10-22 13:16:27'),(184,2,'2023-10-20 12:55:00',101.59,102.38,101.58,102.31,422546,'2023-10-22 13:16:27','2023-10-22 13:16:27'),(185,2,'2023-10-20 12:50:00',101.72,101.75,101.56,101.60,76223,'2023-10-22 13:16:27','2023-10-22 13:16:27'),(186,2,'2023-10-20 12:45:00',101.63,101.89,101.63,101.74,139286,'2023-10-22 13:16:27','2023-10-22 13:16:27'),(187,2,'2023-10-20 12:40:00',101.90,101.90,101.60,101.64,90985,'2023-10-22 13:16:27','2023-10-22 13:16:27'),(188,2,'2023-10-20 12:35:00',102.08,102.15,101.87,101.90,106598,'2023-10-22 13:16:27','2023-10-22 13:16:27'),(189,2,'2023-10-20 12:30:00',101.77,102.09,101.70,102.08,159124,'2023-10-22 13:16:27','2023-10-22 13:16:27'),(190,2,'2023-10-20 12:25:00',101.97,102.03,101.75,101.76,138093,'2023-10-22 13:16:27','2023-10-22 13:16:27'),(191,2,'2023-10-20 12:20:00',101.98,101.99,101.72,101.97,166586,'2023-10-22 13:16:27','2023-10-22 13:16:27'),(192,2,'2023-10-20 12:15:00',101.65,102.09,101.54,101.99,129708,'2023-10-22 13:16:27','2023-10-22 13:16:27'),(193,2,'2023-10-20 12:10:00',101.56,101.81,101.45,101.64,121011,'2023-10-22 13:16:27','2023-10-22 13:16:27'),(194,2,'2023-10-20 12:05:00',101.81,101.94,101.53,101.56,123786,'2023-10-22 13:16:27','2023-10-22 13:16:27'),(195,2,'2023-10-20 12:00:00',101.81,101.94,101.70,101.81,117613,'2023-10-22 13:16:27','2023-10-22 13:16:27'),(196,2,'2023-10-20 11:55:00',102.02,102.14,101.80,101.80,115490,'2023-10-22 13:16:27','2023-10-22 13:16:27'),(197,2,'2023-10-20 11:50:00',102.11,102.21,101.91,102.02,103110,'2023-10-22 13:16:27','2023-10-22 13:16:27'),(198,2,'2023-10-20 11:45:00',101.95,102.26,101.75,102.11,199218,'2023-10-22 13:16:27','2023-10-22 13:16:27'),(199,2,'2023-10-20 11:40:00',102.37,102.43,101.92,101.96,137043,'2023-10-22 13:16:27','2023-10-22 13:16:27'),(200,2,'2023-10-20 11:35:00',102.39,102.57,102.32,102.36,252708,'2023-10-22 13:16:27','2023-10-22 13:16:27'),(201,3,'2023-10-20 19:55:00',141.44,141.45,141.04,141.45,936,'2023-10-22 13:16:39','2023-10-22 13:16:39'),(202,3,'2023-10-20 19:50:00',141.34,141.38,141.32,141.38,255,'2023-10-22 13:16:39','2023-10-22 13:16:39'),(203,3,'2023-10-20 19:45:00',141.44,141.44,141.15,141.44,4,'2023-10-22 13:16:39','2023-10-22 13:16:39'),(204,3,'2023-10-20 19:40:00',141.43,141.44,141.00,141.44,1981,'2023-10-22 13:16:39','2023-10-22 13:16:39'),(205,3,'2023-10-20 19:35:00',141.43,141.44,141.20,141.42,762,'2023-10-22 13:16:39','2023-10-22 13:16:39'),(206,3,'2023-10-20 19:30:00',141.20,141.44,141.00,141.44,362,'2023-10-22 13:16:39','2023-10-22 13:16:39'),(207,3,'2023-10-20 19:25:00',141.31,141.31,141.20,141.20,343,'2023-10-22 13:16:39','2023-10-22 13:16:39'),(208,3,'2023-10-20 19:20:00',141.44,141.44,141.20,141.31,337,'2023-10-22 13:16:39','2023-10-22 13:16:39'),(209,3,'2023-10-20 19:15:00',141.40,141.44,141.40,141.44,144,'2023-10-22 13:16:39','2023-10-22 13:16:39'),(210,3,'2023-10-20 19:10:00',141.39,141.44,141.39,141.44,55,'2023-10-22 13:16:39','2023-10-22 13:16:39'),(211,3,'2023-10-20 19:05:00',141.39,141.39,141.30,141.30,18,'2023-10-22 13:16:39','2023-10-22 13:16:39'),(212,3,'2023-10-20 19:00:00',141.57,141.57,141.39,141.44,570097,'2023-10-22 13:16:39','2023-10-22 13:16:39'),(213,3,'2023-10-20 18:55:00',141.39,141.44,141.39,141.44,58,'2023-10-22 13:16:39','2023-10-22 13:16:39'),(214,3,'2023-10-20 18:50:00',141.39,141.39,141.39,141.39,13,'2023-10-22 13:16:39','2023-10-22 13:16:39'),(215,3,'2023-10-20 18:40:00',141.33,141.33,141.29,141.29,490,'2023-10-22 13:16:39','2023-10-22 13:16:39'),(216,3,'2023-10-20 18:35:00',141.33,141.33,141.20,141.20,420,'2023-10-22 13:16:39','2023-10-22 13:16:39'),(217,3,'2023-10-20 18:30:00',141.57,141.57,141.21,141.30,570094,'2023-10-22 13:16:39','2023-10-22 13:16:39'),(218,3,'2023-10-20 18:25:00',141.27,141.33,141.21,141.31,98,'2023-10-22 13:16:39','2023-10-22 13:16:39'),(219,3,'2023-10-20 18:20:00',141.33,141.33,141.30,141.33,132,'2023-10-22 13:16:39','2023-10-22 13:16:39'),(220,3,'2023-10-20 18:15:00',141.30,141.32,141.21,141.32,326,'2023-10-22 13:16:39','2023-10-22 13:16:39'),(221,3,'2023-10-20 18:10:00',141.32,141.33,141.32,141.32,26,'2023-10-22 13:16:39','2023-10-22 13:16:39'),(222,3,'2023-10-20 18:05:00',141.33,141.33,141.32,141.32,23,'2023-10-22 13:16:39','2023-10-22 13:16:39'),(223,3,'2023-10-20 18:00:00',141.20,141.32,141.20,141.20,172,'2023-10-22 13:16:39','2023-10-22 13:16:39'),(224,3,'2023-10-20 17:55:00',141.33,141.33,141.32,141.32,204,'2023-10-22 13:16:39','2023-10-22 13:16:39'),(225,3,'2023-10-20 17:50:00',141.33,141.33,141.33,141.33,20,'2023-10-22 13:16:39','2023-10-22 13:16:39'),(226,3,'2023-10-20 17:45:00',141.29,141.33,141.29,141.33,167,'2023-10-22 13:16:39','2023-10-22 13:16:39'),(227,3,'2023-10-20 17:40:00',141.17,141.30,141.13,141.30,22,'2023-10-22 13:16:39','2023-10-22 13:16:39'),(228,3,'2023-10-20 17:35:00',141.34,141.34,141.16,141.17,652,'2023-10-22 13:16:39','2023-10-22 13:16:39'),(229,3,'2023-10-20 17:30:00',141.40,141.40,141.30,141.39,254,'2023-10-22 13:16:39','2023-10-22 13:16:39'),(230,3,'2023-10-20 17:25:00',141.40,141.40,141.24,141.24,435,'2023-10-22 13:16:39','2023-10-22 13:16:39'),(231,3,'2023-10-20 17:20:00',141.40,141.40,141.29,141.40,1273,'2023-10-22 13:16:39','2023-10-22 13:16:39'),(232,3,'2023-10-20 17:15:00',141.34,141.41,141.25,141.30,2167,'2023-10-22 13:16:39','2023-10-22 13:16:39'),(233,3,'2023-10-20 17:10:00',141.48,141.50,141.25,141.25,223,'2023-10-22 13:16:39','2023-10-22 13:16:39'),(234,3,'2023-10-20 17:05:00',141.50,141.50,141.35,141.50,52,'2023-10-22 13:16:39','2023-10-22 13:16:39'),(235,3,'2023-10-20 17:00:00',141.39,141.50,141.20,141.20,42,'2023-10-22 13:16:39','2023-10-22 13:16:39'),(236,3,'2023-10-20 16:55:00',141.38,141.50,141.28,141.38,894,'2023-10-22 13:16:39','2023-10-22 13:16:39'),(237,3,'2023-10-20 16:50:00',141.42,141.57,141.17,141.38,20423,'2023-10-22 13:16:39','2023-10-22 13:16:39'),(238,3,'2023-10-20 16:45:00',141.49,141.50,141.23,141.44,327,'2023-10-22 13:16:39','2023-10-22 13:16:39'),(239,3,'2023-10-20 16:40:00',141.41,141.50,141.40,141.48,71,'2023-10-22 13:16:39','2023-10-22 13:16:39'),(240,3,'2023-10-20 16:35:00',141.50,142.21,141.40,141.41,9336,'2023-10-22 13:16:39','2023-10-22 13:16:39'),(241,3,'2023-10-20 16:30:00',141.50,141.50,141.08,141.08,151,'2023-10-22 13:16:39','2023-10-22 13:16:39'),(242,3,'2023-10-20 16:25:00',141.50,141.50,141.11,141.11,165,'2023-10-22 13:16:39','2023-10-22 13:16:39'),(243,3,'2023-10-20 16:20:00',141.57,141.57,141.49,141.50,7675,'2023-10-22 13:16:39','2023-10-22 13:16:39'),(244,3,'2023-10-20 16:15:00',141.50,141.57,141.25,141.40,884,'2023-10-22 13:16:39','2023-10-22 13:16:39'),(245,3,'2023-10-20 16:10:00',141.57,150.41,141.30,141.50,570073,'2023-10-22 13:16:39','2023-10-22 13:16:39'),(246,3,'2023-10-20 16:05:00',141.50,141.57,141.21,141.21,7439,'2023-10-22 13:16:39','2023-10-22 13:16:39'),(247,3,'2023-10-20 16:00:00',141.49,141.57,141.02,141.50,1271175,'2023-10-22 13:16:40','2023-10-22 13:16:40'),(248,3,'2023-10-20 15:55:00',141.76,141.91,141.44,141.59,630891,'2023-10-22 13:16:40','2023-10-22 13:16:40'),(249,3,'2023-10-20 15:50:00',142.05,142.13,141.74,141.74,268751,'2023-10-22 13:16:40','2023-10-22 13:16:40'),(250,3,'2023-10-20 15:45:00',142.19,142.24,142.03,142.06,136889,'2023-10-22 13:16:40','2023-10-22 13:16:40'),(251,3,'2023-10-20 15:40:00',142.47,142.47,142.17,142.18,81608,'2023-10-22 13:16:40','2023-10-22 13:16:40'),(252,3,'2023-10-20 15:35:00',142.49,142.61,142.39,142.44,68379,'2023-10-22 13:16:40','2023-10-22 13:16:40'),(253,3,'2023-10-20 15:30:00',142.56,142.62,142.42,142.49,67478,'2023-10-22 13:16:40','2023-10-22 13:16:40'),(254,3,'2023-10-20 15:25:00',142.43,142.59,142.25,142.57,64907,'2023-10-22 13:16:40','2023-10-22 13:16:40'),(255,3,'2023-10-20 15:20:00',142.52,142.54,142.33,142.44,59281,'2023-10-22 13:16:40','2023-10-22 13:16:40'),(256,3,'2023-10-20 15:15:00',142.50,142.69,142.46,142.57,36585,'2023-10-22 13:16:40','2023-10-22 13:16:40'),(257,3,'2023-10-20 15:10:00',142.29,142.54,142.27,142.51,61487,'2023-10-22 13:16:40','2023-10-22 13:16:40'),(258,3,'2023-10-20 15:05:00',142.29,142.43,142.24,142.29,69157,'2023-10-22 13:16:40','2023-10-22 13:16:40'),(259,3,'2023-10-20 15:00:00',142.21,142.55,142.16,142.31,44333,'2023-10-22 13:16:40','2023-10-22 13:16:40'),(260,3,'2023-10-20 14:55:00',142.46,142.58,142.20,142.22,31486,'2023-10-22 13:16:40','2023-10-22 13:16:40'),(261,3,'2023-10-20 14:50:00',142.27,142.56,142.21,142.46,57019,'2023-10-22 13:16:40','2023-10-22 13:16:40'),(262,3,'2023-10-20 14:45:00',142.24,142.37,142.17,142.27,65863,'2023-10-22 13:16:40','2023-10-22 13:16:40'),(263,3,'2023-10-20 14:40:00',142.60,142.61,142.24,142.33,58375,'2023-10-22 13:16:40','2023-10-22 13:16:40'),(264,3,'2023-10-20 14:35:00',142.78,142.95,142.57,142.60,33639,'2023-10-22 13:16:40','2023-10-22 13:16:40'),(265,3,'2023-10-20 14:30:00',142.69,142.83,142.57,142.75,38868,'2023-10-22 13:16:40','2023-10-22 13:16:40'),(266,3,'2023-10-20 14:25:00',142.96,142.97,142.60,142.69,50455,'2023-10-22 13:16:40','2023-10-22 13:16:40'),(267,3,'2023-10-20 14:20:00',143.03,143.64,142.72,142.88,146921,'2023-10-22 13:16:40','2023-10-22 13:16:40'),(268,3,'2023-10-20 14:15:00',143.29,143.34,142.96,143.02,77711,'2023-10-22 13:16:40','2023-10-22 13:16:40'),(269,3,'2023-10-20 14:10:00',143.68,143.68,143.22,143.32,76222,'2023-10-22 13:16:40','2023-10-22 13:16:40'),(270,3,'2023-10-20 14:05:00',143.64,143.70,143.37,143.70,36286,'2023-10-22 13:16:40','2023-10-22 13:16:40'),(271,3,'2023-10-20 14:00:00',143.84,143.85,143.55,143.66,51329,'2023-10-22 13:16:40','2023-10-22 13:16:40'),(272,3,'2023-10-20 13:55:00',143.84,143.89,143.68,143.83,20365,'2023-10-22 13:16:40','2023-10-22 13:16:40'),(273,3,'2023-10-20 13:50:00',144.15,144.19,143.62,143.87,38062,'2023-10-22 13:16:40','2023-10-22 13:16:40'),(274,3,'2023-10-20 13:45:00',144.38,144.40,144.09,144.13,31511,'2023-10-22 13:16:40','2023-10-22 13:16:40'),(275,3,'2023-10-20 13:40:00',144.08,144.48,144.08,144.38,42913,'2023-10-22 13:16:40','2023-10-22 13:16:40'),(276,3,'2023-10-20 13:35:00',144.65,144.78,144.12,144.19,64703,'2023-10-22 13:16:40','2023-10-22 13:16:40'),(277,3,'2023-10-20 13:30:00',145.22,145.23,144.63,144.63,42513,'2023-10-22 13:16:40','2023-10-22 13:16:40'),(278,3,'2023-10-20 13:25:00',145.17,145.32,144.99,145.19,42214,'2023-10-22 13:16:40','2023-10-22 13:16:40'),(279,3,'2023-10-20 13:20:00',145.13,145.27,144.99,145.13,115610,'2023-10-22 13:16:40','2023-10-22 13:16:40'),(280,3,'2023-10-20 13:15:00',144.56,145.15,144.46,145.15,43550,'2023-10-22 13:16:40','2023-10-22 13:16:40'),(281,3,'2023-10-20 13:10:00',144.41,144.57,144.36,144.56,30256,'2023-10-22 13:16:40','2023-10-22 13:16:40'),(282,3,'2023-10-20 13:05:00',144.70,144.71,144.20,144.40,50975,'2023-10-22 13:16:40','2023-10-22 13:16:40'),(283,3,'2023-10-20 13:00:00',145.00,145.03,144.64,144.71,42326,'2023-10-22 13:16:40','2023-10-22 13:16:40'),(284,3,'2023-10-20 12:55:00',144.60,145.16,144.60,145.00,78983,'2023-10-22 13:16:40','2023-10-22 13:16:40'),(285,3,'2023-10-20 12:50:00',144.60,144.84,144.57,144.61,60038,'2023-10-22 13:16:40','2023-10-22 13:16:40'),(286,3,'2023-10-20 12:45:00',144.56,144.79,144.35,144.60,78928,'2023-10-22 13:16:40','2023-10-22 13:16:40'),(287,3,'2023-10-20 12:40:00',144.40,144.94,144.37,144.69,97393,'2023-10-22 13:16:40','2023-10-22 13:16:40'),(288,3,'2023-10-20 12:35:00',144.39,144.60,144.25,144.34,76702,'2023-10-22 13:16:40','2023-10-22 13:16:40'),(289,3,'2023-10-20 12:30:00',143.83,144.55,143.80,144.38,158762,'2023-10-22 13:16:40','2023-10-22 13:16:40'),(290,3,'2023-10-20 12:25:00',143.95,144.16,143.75,143.81,47135,'2023-10-22 13:16:40','2023-10-22 13:16:40'),(291,3,'2023-10-20 12:20:00',143.89,144.06,143.73,143.97,125165,'2023-10-22 13:16:40','2023-10-22 13:16:40'),(292,3,'2023-10-20 12:15:00',143.72,144.08,143.69,143.88,95239,'2023-10-22 13:16:40','2023-10-22 13:16:40'),(293,3,'2023-10-20 12:10:00',143.62,143.76,143.58,143.76,69528,'2023-10-22 13:16:40','2023-10-22 13:16:40'),(294,3,'2023-10-20 12:05:00',143.72,143.83,143.55,143.64,68093,'2023-10-22 13:16:40','2023-10-22 13:16:40'),(295,3,'2023-10-20 12:00:00',143.55,143.83,143.55,143.74,97806,'2023-10-22 13:16:40','2023-10-22 13:16:40'),(296,3,'2023-10-20 11:55:00',143.32,143.82,143.24,143.59,108788,'2023-10-22 13:16:40','2023-10-22 13:16:40'),(297,3,'2023-10-20 11:50:00',143.32,143.67,143.23,143.23,93526,'2023-10-22 13:16:40','2023-10-22 13:16:40'),(298,3,'2023-10-20 11:45:00',143.09,143.39,142.80,143.30,69720,'2023-10-22 13:16:40','2023-10-22 13:16:40'),(299,3,'2023-10-20 11:40:00',143.09,143.21,142.85,143.06,118300,'2023-10-22 13:16:40','2023-10-22 13:16:40'),(300,3,'2023-10-20 11:35:00',143.64,143.79,143.06,143.06,54868,'2023-10-22 13:16:40','2023-10-22 13:16:40'),(301,4,'2023-10-20 19:55:00',83.08,83.13,83.07,83.09,1207,'2023-10-22 13:16:52','2023-10-22 13:16:52'),(302,4,'2023-10-20 19:50:00',83.19,83.19,83.07,83.19,77,'2023-10-22 13:16:52','2023-10-22 13:16:52'),(303,4,'2023-10-20 19:45:00',83.09,83.19,83.06,83.06,215,'2023-10-22 13:16:52','2023-10-22 13:16:52'),(304,4,'2023-10-20 19:40:00',83.09,83.20,83.05,83.05,370,'2023-10-22 13:16:52','2023-10-22 13:16:52'),(305,4,'2023-10-20 19:35:00',83.14,83.20,83.06,83.06,78,'2023-10-22 13:16:52','2023-10-22 13:16:52'),(306,4,'2023-10-20 19:30:00',83.04,83.24,83.04,83.06,271,'2023-10-22 13:16:52','2023-10-22 13:16:52'),(307,4,'2023-10-20 19:25:00',83.14,83.14,83.14,83.14,1,'2023-10-22 13:16:52','2023-10-22 13:16:52'),(308,4,'2023-10-20 19:20:00',83.14,83.34,83.07,83.14,63,'2023-10-22 13:16:52','2023-10-22 13:16:52'),(309,4,'2023-10-20 19:15:00',83.13,83.34,83.10,83.10,547,'2023-10-22 13:16:52','2023-10-22 13:16:52'),(310,4,'2023-10-20 19:10:00',83.28,83.34,83.11,83.28,26,'2023-10-22 13:16:52','2023-10-22 13:16:52'),(311,4,'2023-10-20 19:05:00',83.34,83.34,83.10,83.34,70,'2023-10-22 13:16:52','2023-10-22 13:16:52'),(312,4,'2023-10-20 19:00:00',83.34,83.34,83.30,83.30,44,'2023-10-22 13:16:52','2023-10-22 13:16:52'),(313,4,'2023-10-20 18:55:00',83.16,83.34,83.04,83.34,2852,'2023-10-22 13:16:52','2023-10-22 13:16:52'),(314,4,'2023-10-20 18:50:00',83.31,83.31,83.30,83.30,23,'2023-10-22 13:16:52','2023-10-22 13:16:52'),(315,4,'2023-10-20 18:45:00',83.09,83.34,83.09,83.33,2178,'2023-10-22 13:16:52','2023-10-22 13:16:52'),(316,4,'2023-10-20 18:40:00',83.08,83.15,83.04,83.15,248,'2023-10-22 13:16:52','2023-10-22 13:16:52'),(317,4,'2023-10-20 18:35:00',83.08,83.09,83.08,83.09,61,'2023-10-22 13:16:52','2023-10-22 13:16:52'),(318,4,'2023-10-20 18:30:00',83.09,83.09,83.05,83.05,696,'2023-10-22 13:16:52','2023-10-22 13:16:52'),(319,4,'2023-10-20 18:25:00',83.04,83.04,83.04,83.04,75,'2023-10-22 13:16:52','2023-10-22 13:16:52'),(320,4,'2023-10-20 18:20:00',83.15,83.15,83.05,83.05,353,'2023-10-22 13:16:52','2023-10-22 13:16:52'),(321,4,'2023-10-20 18:15:00',83.15,83.15,83.05,83.10,1727,'2023-10-22 13:16:52','2023-10-22 13:16:52'),(322,4,'2023-10-20 18:10:00',83.15,83.15,83.05,83.14,500,'2023-10-22 13:16:52','2023-10-22 13:16:52'),(323,4,'2023-10-20 18:05:00',83.14,83.14,83.04,83.14,156,'2023-10-22 13:16:52','2023-10-22 13:16:52'),(324,4,'2023-10-20 18:00:00',83.10,83.15,83.04,83.15,2663,'2023-10-22 13:16:52','2023-10-22 13:16:52'),(325,4,'2023-10-20 17:55:00',83.15,83.15,83.09,83.15,139,'2023-10-22 13:16:52','2023-10-22 13:16:52'),(326,4,'2023-10-20 17:50:00',83.07,83.14,83.04,83.07,798,'2023-10-22 13:16:52','2023-10-22 13:16:52'),(327,4,'2023-10-20 17:45:00',83.08,83.14,83.06,83.06,203,'2023-10-22 13:16:52','2023-10-22 13:16:52'),(328,4,'2023-10-20 17:40:00',83.13,83.17,83.08,83.08,1216,'2023-10-22 13:16:52','2023-10-22 13:16:52'),(329,4,'2023-10-20 17:35:00',83.13,83.26,83.13,83.26,532,'2023-10-22 13:16:52','2023-10-22 13:16:52'),(330,4,'2023-10-20 17:30:00',83.11,83.28,83.11,83.26,194,'2023-10-22 13:16:52','2023-10-22 13:16:52'),(331,4,'2023-10-20 17:25:00',83.30,83.31,83.08,83.31,320,'2023-10-22 13:16:52','2023-10-22 13:16:52'),(332,4,'2023-10-20 17:20:00',83.31,83.31,83.30,83.31,17,'2023-10-22 13:16:52','2023-10-22 13:16:52'),(333,4,'2023-10-20 17:15:00',83.32,83.32,83.10,83.10,408,'2023-10-22 13:16:52','2023-10-22 13:16:52'),(334,4,'2023-10-20 17:10:00',83.08,83.34,83.08,83.34,109,'2023-10-22 13:16:52','2023-10-22 13:16:52'),(335,4,'2023-10-20 17:05:00',83.34,83.34,83.07,83.07,1426,'2023-10-22 13:16:52','2023-10-22 13:16:52'),(336,4,'2023-10-20 17:00:00',83.34,83.34,83.06,83.32,442,'2023-10-22 13:16:52','2023-10-22 13:16:52'),(337,4,'2023-10-20 16:55:00',83.26,83.40,83.06,83.07,100,'2023-10-22 13:16:52','2023-10-22 13:16:52'),(338,4,'2023-10-20 16:50:00',83.34,83.40,83.07,83.40,151,'2023-10-22 13:16:52','2023-10-22 13:16:52'),(339,4,'2023-10-20 16:45:00',83.50,83.50,83.04,83.34,64,'2023-10-22 13:16:52','2023-10-22 13:16:52'),(340,4,'2023-10-20 16:40:00',83.63,83.70,83.04,83.28,1345,'2023-10-22 13:16:52','2023-10-22 13:16:52'),(341,4,'2023-10-20 16:35:00',83.67,83.70,83.20,83.70,192,'2023-10-22 13:16:52','2023-10-22 13:16:52'),(342,4,'2023-10-20 16:30:00',83.00,84.00,82.90,83.63,6349,'2023-10-22 13:16:52','2023-10-22 13:16:52'),(343,4,'2023-10-20 16:25:00',82.96,83.03,82.88,82.90,1499,'2023-10-22 13:16:52','2023-10-22 13:16:52'),(344,4,'2023-10-20 16:20:00',82.90,83.03,82.88,82.88,1656,'2023-10-22 13:16:52','2023-10-22 13:16:52'),(345,4,'2023-10-20 16:15:00',82.99,83.03,82.88,82.90,472,'2023-10-22 13:16:52','2023-10-22 13:16:52'),(346,4,'2023-10-20 16:10:00',82.70,82.94,82.70,82.90,12278,'2023-10-22 13:16:52','2023-10-22 13:16:52'),(347,4,'2023-10-20 16:05:00',82.86,82.91,82.60,82.88,1016,'2023-10-22 13:16:52','2023-10-22 13:16:52'),(348,4,'2023-10-20 16:00:00',82.83,83.04,82.65,82.77,1480336,'2023-10-22 13:16:52','2023-10-22 13:16:52'),(349,4,'2023-10-20 15:55:00',82.96,83.17,82.68,82.83,457711,'2023-10-22 13:16:52','2023-10-22 13:16:52'),(350,4,'2023-10-20 15:50:00',82.89,83.01,82.50,82.89,262330,'2023-10-22 13:16:52','2023-10-22 13:16:52'),(351,4,'2023-10-20 15:45:00',82.65,83.03,82.50,82.91,174437,'2023-10-22 13:16:52','2023-10-22 13:16:52'),(352,4,'2023-10-20 15:40:00',82.69,83.20,82.56,82.65,176983,'2023-10-22 13:16:52','2023-10-22 13:16:52'),(353,4,'2023-10-20 15:35:00',82.20,82.90,82.20,82.67,156523,'2023-10-22 13:16:52','2023-10-22 13:16:52'),(354,4,'2023-10-20 15:30:00',82.03,82.40,82.01,82.24,142625,'2023-10-22 13:16:52','2023-10-22 13:16:52'),(355,4,'2023-10-20 15:25:00',81.88,82.17,81.74,82.03,114963,'2023-10-22 13:16:52','2023-10-22 13:16:52'),(356,4,'2023-10-20 15:20:00',82.34,82.49,81.73,81.88,82655,'2023-10-22 13:16:52','2023-10-22 13:16:52'),(357,4,'2023-10-20 15:15:00',82.55,82.59,82.15,82.34,66475,'2023-10-22 13:16:52','2023-10-22 13:16:52'),(358,4,'2023-10-20 15:10:00',82.53,82.71,82.22,82.53,79193,'2023-10-22 13:16:52','2023-10-22 13:16:52'),(359,4,'2023-10-20 15:05:00',83.17,83.25,82.53,82.54,95065,'2023-10-22 13:16:52','2023-10-22 13:16:52'),(360,4,'2023-10-20 15:00:00',83.10,83.45,83.05,83.18,84061,'2023-10-22 13:16:52','2023-10-22 13:16:52'),(361,4,'2023-10-20 14:55:00',83.34,83.50,83.07,83.15,77277,'2023-10-22 13:16:52','2023-10-22 13:16:52'),(362,4,'2023-10-20 14:50:00',82.57,83.45,82.30,83.30,164113,'2023-10-22 13:16:52','2023-10-22 13:16:52'),(363,4,'2023-10-20 14:45:00',82.01,82.70,82.00,82.62,172366,'2023-10-22 13:16:52','2023-10-22 13:16:52'),(364,4,'2023-10-20 14:40:00',82.03,82.13,81.80,82.13,114534,'2023-10-22 13:16:52','2023-10-22 13:16:52'),(365,4,'2023-10-20 14:35:00',82.62,82.83,81.92,82.06,114281,'2023-10-22 13:16:52','2023-10-22 13:16:52'),(366,4,'2023-10-20 14:30:00',81.92,82.99,81.91,82.72,143172,'2023-10-22 13:16:52','2023-10-22 13:16:52'),(367,4,'2023-10-20 14:25:00',81.72,82.20,81.43,81.88,154817,'2023-10-22 13:16:52','2023-10-22 13:16:52'),(368,4,'2023-10-20 14:20:00',82.19,82.41,81.68,81.72,187593,'2023-10-22 13:16:52','2023-10-22 13:16:52'),(369,4,'2023-10-20 14:15:00',82.03,82.40,81.97,82.25,82314,'2023-10-22 13:16:52','2023-10-22 13:16:52'),(370,4,'2023-10-20 14:10:00',82.53,82.53,81.86,82.11,179276,'2023-10-22 13:16:52','2023-10-22 13:16:52'),(371,4,'2023-10-20 14:05:00',82.39,82.80,82.05,82.45,160932,'2023-10-22 13:16:52','2023-10-22 13:16:52'),(372,4,'2023-10-20 14:00:00',83.02,83.12,82.20,82.39,135869,'2023-10-22 13:16:52','2023-10-22 13:16:52'),(373,4,'2023-10-20 13:55:00',83.40,83.42,82.79,83.02,86199,'2023-10-22 13:16:52','2023-10-22 13:16:52'),(374,4,'2023-10-20 13:50:00',83.14,83.42,82.86,83.42,80164,'2023-10-22 13:16:52','2023-10-22 13:16:52'),(375,4,'2023-10-20 13:45:00',83.79,83.91,83.02,83.15,96158,'2023-10-22 13:16:52','2023-10-22 13:16:52'),(376,4,'2023-10-20 13:40:00',83.59,84.03,83.32,83.73,146594,'2023-10-22 13:16:52','2023-10-22 13:16:52'),(377,4,'2023-10-20 13:35:00',84.08,84.40,83.45,83.56,178398,'2023-10-22 13:16:52','2023-10-22 13:16:52'),(378,4,'2023-10-20 13:30:00',83.86,84.14,83.64,84.07,125047,'2023-10-22 13:16:52','2023-10-22 13:16:52'),(379,4,'2023-10-20 13:25:00',84.40,84.50,83.71,83.92,208179,'2023-10-22 13:16:52','2023-10-22 13:16:52'),(380,4,'2023-10-20 13:20:00',84.46,84.46,84.01,84.33,126772,'2023-10-22 13:16:52','2023-10-22 13:16:52'),(381,4,'2023-10-20 13:15:00',83.39,84.69,83.25,84.35,242366,'2023-10-22 13:16:52','2023-10-22 13:16:52'),(382,4,'2023-10-20 13:10:00',82.86,83.40,82.81,83.32,119565,'2023-10-22 13:16:52','2023-10-22 13:16:52'),(383,4,'2023-10-20 13:05:00',82.91,83.12,82.61,82.81,99778,'2023-10-22 13:16:52','2023-10-22 13:16:52'),(384,4,'2023-10-20 13:00:00',82.86,83.19,82.54,82.96,170374,'2023-10-22 13:16:52','2023-10-22 13:16:52'),(385,4,'2023-10-20 12:55:00',82.88,83.00,82.39,82.86,149572,'2023-10-22 13:16:52','2023-10-22 13:16:52'),(386,4,'2023-10-20 12:50:00',82.50,82.88,82.41,82.88,150699,'2023-10-22 13:16:52','2023-10-22 13:16:52'),(387,4,'2023-10-20 12:45:00',81.82,82.55,81.81,82.50,147412,'2023-10-22 13:16:52','2023-10-22 13:16:52'),(388,4,'2023-10-20 12:40:00',81.69,81.90,81.60,81.80,59995,'2023-10-22 13:16:52','2023-10-22 13:16:52'),(389,4,'2023-10-20 12:35:00',82.02,82.02,81.57,81.68,72048,'2023-10-22 13:16:52','2023-10-22 13:16:52'),(390,4,'2023-10-20 12:30:00',81.80,82.03,81.47,82.02,132595,'2023-10-22 13:16:52','2023-10-22 13:16:52'),(391,4,'2023-10-20 12:25:00',81.71,82.00,81.36,81.93,143741,'2023-10-22 13:16:52','2023-10-22 13:16:52'),(392,4,'2023-10-20 12:20:00',81.57,81.96,81.30,81.71,152098,'2023-10-22 13:16:52','2023-10-22 13:16:52'),(393,4,'2023-10-20 12:15:00',81.13,81.68,80.86,81.51,153876,'2023-10-22 13:16:52','2023-10-22 13:16:52'),(394,4,'2023-10-20 12:10:00',80.57,81.27,80.49,81.09,153618,'2023-10-22 13:16:52','2023-10-22 13:16:52'),(395,4,'2023-10-20 12:05:00',80.32,80.80,80.21,80.63,143166,'2023-10-22 13:16:52','2023-10-22 13:16:52'),(396,4,'2023-10-20 12:00:00',79.85,80.38,79.78,80.32,111399,'2023-10-22 13:16:52','2023-10-22 13:16:52'),(397,4,'2023-10-20 11:55:00',79.84,80.56,79.83,79.93,153730,'2023-10-22 13:16:52','2023-10-22 13:16:52'),(398,4,'2023-10-20 11:50:00',79.49,80.32,79.40,79.84,188088,'2023-10-22 13:16:52','2023-10-22 13:16:52'),(399,4,'2023-10-20 11:45:00',78.34,79.50,78.10,79.44,177858,'2023-10-22 13:16:52','2023-10-22 13:16:52'),(400,4,'2023-10-20 11:40:00',78.41,78.95,78.25,78.34,126398,'2023-10-22 13:16:52','2023-10-22 13:16:52'),(401,5,'2023-10-20 19:55:00',99.01,99.08,98.90,99.00,1223,'2023-10-22 13:17:06','2023-10-22 13:17:06'),(402,5,'2023-10-20 19:50:00',99.09,99.10,99.09,99.10,188,'2023-10-22 13:17:06','2023-10-22 13:17:06'),(403,5,'2023-10-20 19:45:00',99.10,99.10,99.01,99.09,453,'2023-10-22 13:17:06','2023-10-22 13:17:06'),(404,5,'2023-10-20 19:40:00',98.93,99.15,98.93,99.02,683,'2023-10-22 13:17:06','2023-10-22 13:17:06'),(405,5,'2023-10-20 19:35:00',99.15,99.15,98.93,99.15,261,'2023-10-22 13:17:06','2023-10-22 13:17:06'),(406,5,'2023-10-20 19:30:00',99.05,99.15,99.00,99.00,470,'2023-10-22 13:17:06','2023-10-22 13:17:06'),(407,5,'2023-10-20 19:25:00',98.94,99.15,98.93,99.14,226,'2023-10-22 13:17:06','2023-10-22 13:17:06'),(408,5,'2023-10-20 19:20:00',98.93,99.04,98.93,98.95,231,'2023-10-22 13:17:06','2023-10-22 13:17:06'),(409,5,'2023-10-20 19:15:00',99.04,99.04,98.93,98.97,34,'2023-10-22 13:17:06','2023-10-22 13:17:06'),(410,5,'2023-10-20 19:10:00',99.14,99.14,98.95,98.95,189,'2023-10-22 13:17:06','2023-10-22 13:17:06'),(411,5,'2023-10-20 19:05:00',99.01,99.01,98.97,98.97,510,'2023-10-22 13:17:06','2023-10-22 13:17:06'),(412,5,'2023-10-20 19:00:00',99.09,99.15,99.01,99.15,280,'2023-10-22 13:17:06','2023-10-22 13:17:06'),(413,5,'2023-10-20 18:55:00',99.15,99.15,99.00,99.01,113,'2023-10-22 13:17:06','2023-10-22 13:17:06'),(414,5,'2023-10-20 18:50:00',99.15,99.15,98.95,99.05,76,'2023-10-22 13:17:06','2023-10-22 13:17:06'),(415,5,'2023-10-20 18:45:00',98.97,99.15,98.97,99.10,247,'2023-10-22 13:17:06','2023-10-22 13:17:06'),(416,5,'2023-10-20 18:40:00',98.93,99.04,98.93,99.00,697,'2023-10-22 13:17:06','2023-10-22 13:17:06'),(417,5,'2023-10-20 18:35:00',99.05,99.05,98.93,99.04,281,'2023-10-22 13:17:06','2023-10-22 13:17:06'),(418,5,'2023-10-20 18:30:00',99.00,99.05,98.93,99.05,922,'2023-10-22 13:17:06','2023-10-22 13:17:06'),(419,5,'2023-10-20 18:25:00',99.15,99.15,98.93,99.00,188,'2023-10-22 13:17:06','2023-10-22 13:17:06'),(420,5,'2023-10-20 18:20:00',98.96,99.15,98.93,98.96,73,'2023-10-22 13:17:06','2023-10-22 13:17:06'),(421,5,'2023-10-20 18:15:00',98.96,99.02,98.93,98.93,469,'2023-10-22 13:17:06','2023-10-22 13:17:06'),(422,5,'2023-10-20 18:10:00',99.15,99.15,98.96,98.97,873,'2023-10-22 13:17:06','2023-10-22 13:17:06'),(423,5,'2023-10-20 18:05:00',99.04,99.15,98.94,98.94,1380,'2023-10-22 13:17:06','2023-10-22 13:17:06'),(424,5,'2023-10-20 18:00:00',99.05,99.15,99.00,99.01,381,'2023-10-22 13:17:06','2023-10-22 13:17:06'),(425,5,'2023-10-20 17:55:00',99.13,99.13,99.01,99.13,45,'2023-10-22 13:17:06','2023-10-22 13:17:06'),(426,5,'2023-10-20 17:50:00',99.13,99.13,99.01,99.01,196,'2023-10-22 13:17:06','2023-10-22 13:17:06'),(427,5,'2023-10-20 17:45:00',99.13,99.13,99.01,99.13,78,'2023-10-22 13:17:06','2023-10-22 13:17:06'),(428,5,'2023-10-20 17:40:00',99.02,99.13,99.01,99.13,182,'2023-10-22 13:17:06','2023-10-22 13:17:06'),(429,5,'2023-10-20 17:35:00',99.01,99.13,99.01,99.04,547,'2023-10-22 13:17:06','2023-10-22 13:17:06'),(430,5,'2023-10-20 17:30:00',99.07,99.13,99.00,99.01,326,'2023-10-22 13:17:06','2023-10-22 13:17:06'),(431,5,'2023-10-20 17:25:00',99.03,99.13,99.00,99.07,218,'2023-10-22 13:17:06','2023-10-22 13:17:06'),(432,5,'2023-10-20 17:20:00',99.03,99.12,98.95,99.10,196,'2023-10-22 13:17:06','2023-10-22 13:17:06'),(433,5,'2023-10-20 17:15:00',99.11,99.12,99.01,99.03,67,'2023-10-22 13:17:06','2023-10-22 13:17:06'),(434,5,'2023-10-20 17:10:00',99.00,99.12,98.93,99.12,329,'2023-10-22 13:17:06','2023-10-22 13:17:06'),(435,5,'2023-10-20 17:05:00',98.97,99.13,98.95,99.00,1073,'2023-10-22 13:17:06','2023-10-22 13:17:06'),(436,5,'2023-10-20 17:00:00',98.95,99.00,98.93,99.00,554,'2023-10-22 13:17:06','2023-10-22 13:17:06'),(437,5,'2023-10-20 16:55:00',98.97,99.00,98.89,98.97,860,'2023-10-22 13:17:06','2023-10-22 13:17:06'),(438,5,'2023-10-20 16:50:00',99.03,99.03,98.90,98.95,770,'2023-10-22 13:17:06','2023-10-22 13:17:06'),(439,5,'2023-10-20 16:45:00',99.05,99.05,99.00,99.03,1178,'2023-10-22 13:17:06','2023-10-22 13:17:06'),(440,5,'2023-10-20 16:40:00',99.14,99.15,99.00,99.01,99,'2023-10-22 13:17:06','2023-10-22 13:17:06'),(441,5,'2023-10-20 16:35:00',99.00,99.15,99.00,99.15,4511,'2023-10-22 13:17:06','2023-10-22 13:17:06'),(442,5,'2023-10-20 16:30:00',99.04,99.14,99.00,99.10,948,'2023-10-22 13:17:06','2023-10-22 13:17:06'),(443,5,'2023-10-20 16:25:00',99.00,99.05,98.90,99.00,941,'2023-10-22 13:17:06','2023-10-22 13:17:06'),(444,5,'2023-10-20 16:20:00',99.01,99.05,98.95,99.05,564,'2023-10-22 13:17:06','2023-10-22 13:17:06'),(445,5,'2023-10-20 16:15:00',99.03,99.05,98.89,99.05,906,'2023-10-22 13:17:06','2023-10-22 13:17:06'),(446,5,'2023-10-20 16:10:00',98.89,104.89,98.89,99.01,10073,'2023-10-22 13:17:06','2023-10-22 13:17:06'),(447,5,'2023-10-20 16:05:00',99.21,99.22,98.97,99.05,1882,'2023-10-22 13:17:06','2023-10-22 13:17:06'),(448,5,'2023-10-20 16:00:00',98.87,99.24,98.84,99.18,1800077,'2023-10-22 13:17:06','2023-10-22 13:17:06'),(449,5,'2023-10-20 15:55:00',99.11,99.17,98.86,98.87,440674,'2023-10-22 13:17:06','2023-10-22 13:17:06'),(450,5,'2023-10-20 15:50:00',98.89,99.24,98.75,99.09,343941,'2023-10-22 13:17:06','2023-10-22 13:17:06'),(451,5,'2023-10-20 15:45:00',98.70,99.05,98.66,98.90,190251,'2023-10-22 13:17:06','2023-10-22 13:17:06'),(452,5,'2023-10-20 15:40:00',98.89,99.08,98.69,98.70,151254,'2023-10-22 13:17:06','2023-10-22 13:17:06'),(453,5,'2023-10-20 15:35:00',98.72,99.07,98.69,98.89,125149,'2023-10-22 13:17:06','2023-10-22 13:17:06'),(454,5,'2023-10-20 15:30:00',98.35,98.75,98.35,98.74,109879,'2023-10-22 13:17:06','2023-10-22 13:17:06'),(455,5,'2023-10-20 15:25:00',98.23,98.37,98.09,98.35,81119,'2023-10-22 13:17:06','2023-10-22 13:17:06'),(456,5,'2023-10-20 15:20:00',98.62,98.62,98.07,98.25,80803,'2023-10-22 13:17:06','2023-10-22 13:17:06'),(457,5,'2023-10-20 15:15:00',98.73,98.82,98.50,98.62,77834,'2023-10-22 13:17:06','2023-10-22 13:17:06'),(458,5,'2023-10-20 15:10:00',98.80,98.97,98.58,98.77,108173,'2023-10-22 13:17:06','2023-10-22 13:17:06'),(459,5,'2023-10-20 15:05:00',99.23,99.30,98.79,98.81,63339,'2023-10-22 13:17:06','2023-10-22 13:17:06'),(460,5,'2023-10-20 15:00:00',99.00,99.41,98.96,99.20,106333,'2023-10-22 13:17:06','2023-10-22 13:17:06'),(461,5,'2023-10-20 14:55:00',98.69,98.97,98.52,98.96,101507,'2023-10-22 13:17:06','2023-10-22 13:17:06'),(462,5,'2023-10-20 14:50:00',98.24,98.84,98.07,98.70,73096,'2023-10-22 13:17:06','2023-10-22 13:17:06'),(463,5,'2023-10-20 14:45:00',98.03,98.27,98.01,98.23,53301,'2023-10-22 13:17:06','2023-10-22 13:17:06'),(464,5,'2023-10-20 14:40:00',97.99,98.14,97.95,98.07,70982,'2023-10-22 13:17:06','2023-10-22 13:17:06'),(465,5,'2023-10-20 14:35:00',98.30,98.43,97.85,98.00,134541,'2023-10-22 13:17:06','2023-10-22 13:17:06'),(466,5,'2023-10-20 14:30:00',98.00,98.54,98.00,98.31,104728,'2023-10-22 13:17:06','2023-10-22 13:17:06'),(467,5,'2023-10-20 14:25:00',98.11,98.19,97.86,97.98,90977,'2023-10-22 13:17:06','2023-10-22 13:17:06'),(468,5,'2023-10-20 14:20:00',98.58,98.62,98.02,98.10,77467,'2023-10-22 13:17:06','2023-10-22 13:17:06'),(469,5,'2023-10-20 14:15:00',98.50,98.65,98.10,98.61,78701,'2023-10-22 13:17:06','2023-10-22 13:17:06'),(470,5,'2023-10-20 14:10:00',98.47,98.67,98.12,98.58,103219,'2023-10-22 13:17:06','2023-10-22 13:17:06'),(471,5,'2023-10-20 14:05:00',98.45,98.70,98.24,98.49,81687,'2023-10-22 13:17:06','2023-10-22 13:17:06'),(472,5,'2023-10-20 14:00:00',99.21,99.23,98.42,98.45,94524,'2023-10-22 13:17:06','2023-10-22 13:17:06'),(473,5,'2023-10-20 13:55:00',98.96,99.30,98.79,99.19,54759,'2023-10-22 13:17:06','2023-10-22 13:17:06'),(474,5,'2023-10-20 13:50:00',98.78,98.95,98.44,98.94,96417,'2023-10-22 13:17:06','2023-10-22 13:17:06'),(475,5,'2023-10-20 13:45:00',99.18,99.25,98.72,98.75,86371,'2023-10-22 13:17:06','2023-10-22 13:17:06'),(476,5,'2023-10-20 13:40:00',99.42,99.66,99.13,99.18,107259,'2023-10-22 13:17:06','2023-10-22 13:17:06'),(477,5,'2023-10-20 13:35:00',100.39,100.57,99.46,99.46,114408,'2023-10-22 13:17:06','2023-10-22 13:17:06'),(478,5,'2023-10-20 13:30:00',100.62,100.75,100.19,100.33,62440,'2023-10-22 13:17:06','2023-10-22 13:17:06'),(479,5,'2023-10-20 13:25:00',100.40,100.94,100.26,100.65,90231,'2023-10-22 13:17:06','2023-10-22 13:17:06'),(480,5,'2023-10-20 13:20:00',100.77,100.78,100.36,100.41,74291,'2023-10-22 13:17:06','2023-10-22 13:17:06'),(481,5,'2023-10-20 13:15:00',100.29,100.85,100.14,100.85,92793,'2023-10-22 13:17:06','2023-10-22 13:17:06'),(482,5,'2023-10-20 13:10:00',99.46,100.32,99.46,100.23,114222,'2023-10-22 13:17:06','2023-10-22 13:17:06'),(483,5,'2023-10-20 13:05:00',99.70,99.90,99.40,99.51,88075,'2023-10-22 13:17:06','2023-10-22 13:17:06'),(484,5,'2023-10-20 13:00:00',99.45,99.89,99.42,99.74,104230,'2023-10-22 13:17:06','2023-10-22 13:17:06'),(485,5,'2023-10-20 12:55:00',99.34,99.60,98.92,99.42,135654,'2023-10-22 13:17:06','2023-10-22 13:17:06'),(486,5,'2023-10-20 12:50:00',98.77,99.39,98.75,99.26,74253,'2023-10-22 13:17:06','2023-10-22 13:17:06'),(487,5,'2023-10-20 12:45:00',98.54,98.92,98.53,98.73,105169,'2023-10-22 13:17:06','2023-10-22 13:17:06'),(488,5,'2023-10-20 12:40:00',98.64,98.66,98.38,98.52,72239,'2023-10-22 13:17:06','2023-10-22 13:17:06'),(489,5,'2023-10-20 12:35:00',98.62,98.78,98.37,98.64,93393,'2023-10-22 13:17:06','2023-10-22 13:17:06'),(490,5,'2023-10-20 12:30:00',98.93,98.99,98.24,98.67,132850,'2023-10-22 13:17:06','2023-10-22 13:17:06'),(491,5,'2023-10-20 12:25:00',99.21,99.22,98.71,98.99,81446,'2023-10-22 13:17:06','2023-10-22 13:17:06'),(492,5,'2023-10-20 12:20:00',99.30,99.50,99.11,99.21,88388,'2023-10-22 13:17:06','2023-10-22 13:17:06'),(493,5,'2023-10-20 12:15:00',98.83,99.33,98.77,99.27,101563,'2023-10-22 13:17:06','2023-10-22 13:17:06'),(494,5,'2023-10-20 12:10:00',98.81,98.92,98.30,98.85,74425,'2023-10-22 13:17:06','2023-10-22 13:17:06'),(495,5,'2023-10-20 12:05:00',98.58,98.92,98.49,98.69,63230,'2023-10-22 13:17:06','2023-10-22 13:17:06'),(496,5,'2023-10-20 12:00:00',98.42,98.78,98.28,98.58,78709,'2023-10-22 13:17:06','2023-10-22 13:17:06'),(497,5,'2023-10-20 11:55:00',98.36,98.92,98.33,98.42,135905,'2023-10-22 13:17:06','2023-10-22 13:17:06'),(498,5,'2023-10-20 11:50:00',98.27,98.69,98.05,98.35,110324,'2023-10-22 13:17:06','2023-10-22 13:17:06'),(499,5,'2023-10-20 11:45:00',97.55,98.39,97.27,98.19,129096,'2023-10-22 13:17:06','2023-10-22 13:17:06'),(500,5,'2023-10-20 11:40:00',97.63,98.06,97.51,97.53,122691,'2023-10-22 13:17:06','2023-10-22 13:17:06'),(501,6,'2023-10-20 19:55:00',7.82,7.84,7.81,7.83,9661,'2023-10-22 13:17:19','2023-10-22 13:17:19'),(502,6,'2023-10-20 19:50:00',7.84,7.84,7.81,7.81,7618,'2023-10-22 13:17:19','2023-10-22 13:17:19'),(503,6,'2023-10-20 19:45:00',7.84,7.84,7.82,7.83,706,'2023-10-22 13:17:19','2023-10-22 13:17:19'),(504,6,'2023-10-20 19:40:00',7.83,7.84,7.82,7.82,8699,'2023-10-22 13:17:19','2023-10-22 13:17:19'),(505,6,'2023-10-20 19:35:00',7.82,7.83,7.81,7.83,5248,'2023-10-22 13:17:19','2023-10-22 13:17:19'),(506,6,'2023-10-20 19:30:00',7.83,7.83,7.81,7.81,4878,'2023-10-22 13:17:19','2023-10-22 13:17:19'),(507,6,'2023-10-20 19:25:00',7.83,7.83,7.82,7.83,4454,'2023-10-22 13:17:19','2023-10-22 13:17:19'),(508,6,'2023-10-20 19:20:00',7.83,7.83,7.81,7.83,2733,'2023-10-22 13:17:19','2023-10-22 13:17:19'),(509,6,'2023-10-20 19:15:00',7.80,7.83,7.80,7.83,1835,'2023-10-22 13:17:19','2023-10-22 13:17:19'),(510,6,'2023-10-20 19:10:00',7.81,7.83,7.79,7.79,3448,'2023-10-22 13:17:19','2023-10-22 13:17:19'),(511,6,'2023-10-20 19:05:00',7.80,7.81,7.80,7.81,4126,'2023-10-22 13:17:19','2023-10-22 13:17:19'),(512,6,'2023-10-20 19:00:00',7.77,7.79,7.77,7.78,15944,'2023-10-22 13:17:19','2023-10-22 13:17:19'),(513,6,'2023-10-20 18:55:00',7.78,7.78,7.77,7.77,1611,'2023-10-22 13:17:19','2023-10-22 13:17:19'),(514,6,'2023-10-20 18:50:00',7.78,7.78,7.78,7.78,110,'2023-10-22 13:17:19','2023-10-22 13:17:19'),(515,6,'2023-10-20 18:45:00',7.79,7.79,7.76,7.78,246,'2023-10-22 13:17:19','2023-10-22 13:17:19'),(516,6,'2023-10-20 18:40:00',7.79,7.79,7.77,7.77,1488,'2023-10-22 13:17:19','2023-10-22 13:17:19'),(517,6,'2023-10-20 18:35:00',7.77,7.80,7.77,7.77,4217,'2023-10-22 13:17:19','2023-10-22 13:17:19'),(518,6,'2023-10-20 18:30:00',7.76,7.77,7.76,7.77,3662,'2023-10-22 13:17:19','2023-10-22 13:17:19'),(519,6,'2023-10-20 18:25:00',7.76,7.77,7.76,7.76,4394,'2023-10-22 13:17:19','2023-10-22 13:17:19'),(520,6,'2023-10-20 18:20:00',7.76,7.76,7.75,7.76,2631,'2023-10-22 13:17:19','2023-10-22 13:17:19'),(521,6,'2023-10-20 18:15:00',7.76,7.77,7.76,7.76,2165,'2023-10-22 13:17:19','2023-10-22 13:17:19'),(522,6,'2023-10-20 18:10:00',7.77,7.77,7.75,7.75,22093,'2023-10-22 13:17:19','2023-10-22 13:17:19'),(523,6,'2023-10-20 18:05:00',7.75,7.77,7.75,7.77,12231,'2023-10-22 13:17:19','2023-10-22 13:17:19'),(524,6,'2023-10-20 18:00:00',7.77,7.77,7.73,7.75,2971,'2023-10-22 13:17:19','2023-10-22 13:17:19'),(525,6,'2023-10-20 17:55:00',7.77,7.78,7.74,7.74,5877,'2023-10-22 13:17:19','2023-10-22 13:17:19'),(526,6,'2023-10-20 17:50:00',7.80,7.80,7.77,7.77,1831,'2023-10-22 13:17:19','2023-10-22 13:17:19'),(527,6,'2023-10-20 17:45:00',7.79,7.80,7.75,7.79,12391,'2023-10-22 13:17:19','2023-10-22 13:17:19'),(528,6,'2023-10-20 17:40:00',7.77,7.79,7.77,7.78,6403,'2023-10-22 13:17:19','2023-10-22 13:17:19'),(529,6,'2023-10-20 17:35:00',7.77,7.78,7.77,7.78,3782,'2023-10-22 13:17:19','2023-10-22 13:17:19'),(530,6,'2023-10-20 17:30:00',7.78,7.78,7.77,7.78,430,'2023-10-22 13:17:19','2023-10-22 13:17:19'),(531,6,'2023-10-20 17:25:00',7.78,7.78,7.76,7.77,2204,'2023-10-22 13:17:19','2023-10-22 13:17:19'),(532,6,'2023-10-20 17:20:00',7.77,7.77,7.75,7.77,10260,'2023-10-22 13:17:19','2023-10-22 13:17:19'),(533,6,'2023-10-20 17:15:00',7.77,7.78,7.76,7.77,5572,'2023-10-22 13:17:19','2023-10-22 13:17:19'),(534,6,'2023-10-20 17:10:00',7.77,7.78,7.76,7.77,12544,'2023-10-22 13:17:19','2023-10-22 13:17:19'),(535,6,'2023-10-20 17:05:00',7.76,7.79,7.75,7.77,9899,'2023-10-22 13:17:19','2023-10-22 13:17:19'),(536,6,'2023-10-20 17:00:00',7.76,7.76,7.75,7.75,4627,'2023-10-22 13:17:19','2023-10-22 13:17:19'),(537,6,'2023-10-20 16:55:00',7.77,7.77,7.72,7.76,77009,'2023-10-22 13:17:19','2023-10-22 13:17:19'),(538,6,'2023-10-20 16:50:00',7.77,7.77,7.72,7.76,2084,'2023-10-22 13:17:19','2023-10-22 13:17:19'),(539,6,'2023-10-20 16:45:00',7.77,7.78,7.76,7.76,4668,'2023-10-22 13:17:19','2023-10-22 13:17:19'),(540,6,'2023-10-20 16:40:00',7.76,7.78,7.75,7.77,8991,'2023-10-22 13:17:19','2023-10-22 13:17:19'),(541,6,'2023-10-20 16:35:00',7.75,7.76,7.75,7.76,1829,'2023-10-22 13:17:19','2023-10-22 13:17:19'),(542,6,'2023-10-20 16:30:00',7.78,7.78,7.75,7.75,11513,'2023-10-22 13:17:19','2023-10-22 13:17:19'),(543,6,'2023-10-20 16:25:00',7.79,7.79,7.76,7.76,23979,'2023-10-22 13:17:19','2023-10-22 13:17:19'),(544,6,'2023-10-20 16:20:00',7.77,7.79,7.76,7.78,7619,'2023-10-22 13:17:19','2023-10-22 13:17:19'),(545,6,'2023-10-20 16:15:00',7.76,7.78,7.76,7.77,6456,'2023-10-22 13:17:19','2023-10-22 13:17:19'),(546,6,'2023-10-20 16:10:00',7.77,7.79,7.75,7.79,9360,'2023-10-22 13:17:19','2023-10-22 13:17:19'),(547,6,'2023-10-20 16:05:00',7.77,7.78,7.76,7.77,2069,'2023-10-22 13:17:19','2023-10-22 13:17:19'),(548,6,'2023-10-20 16:00:00',7.75,7.80,7.75,7.77,714499,'2023-10-22 13:17:19','2023-10-22 13:17:19'),(549,6,'2023-10-20 15:55:00',7.74,7.76,7.73,7.75,1071136,'2023-10-22 13:17:19','2023-10-22 13:17:19'),(550,6,'2023-10-20 15:50:00',7.73,7.75,7.73,7.74,504393,'2023-10-22 13:17:19','2023-10-22 13:17:19'),(551,6,'2023-10-20 15:45:00',7.72,7.74,7.70,7.74,367008,'2023-10-22 13:17:19','2023-10-22 13:17:19'),(552,6,'2023-10-20 15:40:00',7.75,7.75,7.71,7.71,327001,'2023-10-22 13:17:19','2023-10-22 13:17:19'),(553,6,'2023-10-20 15:35:00',7.75,7.78,7.75,7.75,279361,'2023-10-22 13:17:19','2023-10-22 13:17:19'),(554,6,'2023-10-20 15:30:00',7.72,7.75,7.70,7.75,573856,'2023-10-22 13:17:19','2023-10-22 13:17:19'),(555,6,'2023-10-20 15:25:00',7.75,7.75,7.69,7.72,993309,'2023-10-22 13:17:19','2023-10-22 13:17:19'),(556,6,'2023-10-20 15:20:00',7.87,7.87,7.74,7.75,575759,'2023-10-22 13:17:19','2023-10-22 13:17:19'),(557,6,'2023-10-20 15:15:00',7.87,7.87,7.85,7.87,85905,'2023-10-22 13:17:19','2023-10-22 13:17:19'),(558,6,'2023-10-20 15:10:00',7.85,7.88,7.85,7.86,186611,'2023-10-22 13:17:19','2023-10-22 13:17:19'),(559,6,'2023-10-20 15:05:00',7.88,7.88,7.84,7.85,161228,'2023-10-22 13:17:19','2023-10-22 13:17:19'),(560,6,'2023-10-20 15:00:00',7.89,7.89,7.87,7.87,99765,'2023-10-22 13:17:19','2023-10-22 13:17:19'),(561,6,'2023-10-20 14:55:00',7.87,7.91,7.86,7.88,249959,'2023-10-22 13:17:19','2023-10-22 13:17:19'),(562,6,'2023-10-20 14:50:00',7.86,7.88,7.85,7.87,161261,'2023-10-22 13:17:19','2023-10-22 13:17:19'),(563,6,'2023-10-20 14:45:00',7.87,7.88,7.84,7.86,80023,'2023-10-22 13:17:19','2023-10-22 13:17:19'),(564,6,'2023-10-20 14:40:00',7.86,7.87,7.84,7.87,158078,'2023-10-22 13:17:19','2023-10-22 13:17:19'),(565,6,'2023-10-20 14:35:00',7.91,7.92,7.85,7.86,177705,'2023-10-22 13:17:19','2023-10-22 13:17:19'),(566,6,'2023-10-20 14:30:00',7.88,7.91,7.86,7.91,182589,'2023-10-22 13:17:19','2023-10-22 13:17:19'),(567,6,'2023-10-20 14:25:00',7.89,7.90,7.87,7.88,104108,'2023-10-22 13:17:19','2023-10-22 13:17:19'),(568,6,'2023-10-20 14:20:00',7.86,7.90,7.86,7.89,163059,'2023-10-22 13:17:19','2023-10-22 13:17:19'),(569,6,'2023-10-20 14:15:00',7.91,7.91,7.86,7.86,205048,'2023-10-22 13:17:19','2023-10-22 13:17:19'),(570,6,'2023-10-20 14:10:00',7.97,7.97,7.90,7.91,175693,'2023-10-22 13:17:19','2023-10-22 13:17:19'),(571,6,'2023-10-20 14:05:00',7.97,7.98,7.95,7.97,132115,'2023-10-22 13:17:19','2023-10-22 13:17:19'),(572,6,'2023-10-20 14:00:00',7.97,7.99,7.95,7.97,137998,'2023-10-22 13:17:19','2023-10-22 13:17:19'),(573,6,'2023-10-20 13:55:00',7.95,7.98,7.94,7.97,111484,'2023-10-22 13:17:19','2023-10-22 13:17:19'),(574,6,'2023-10-20 13:50:00',7.95,7.97,7.94,7.95,71996,'2023-10-22 13:17:19','2023-10-22 13:17:19'),(575,6,'2023-10-20 13:45:00',7.97,7.99,7.94,7.96,143654,'2023-10-22 13:17:19','2023-10-22 13:17:19'),(576,6,'2023-10-20 13:40:00',7.95,7.99,7.94,7.97,101378,'2023-10-22 13:17:19','2023-10-22 13:17:19'),(577,6,'2023-10-20 13:35:00',7.97,7.99,7.94,7.94,114573,'2023-10-22 13:17:19','2023-10-22 13:17:19'),(578,6,'2023-10-20 13:30:00',7.94,7.99,7.93,7.97,300705,'2023-10-22 13:17:19','2023-10-22 13:17:19'),(579,6,'2023-10-20 13:25:00',7.92,7.95,7.90,7.94,102460,'2023-10-22 13:17:19','2023-10-22 13:17:19'),(580,6,'2023-10-20 13:20:00',7.92,7.93,7.88,7.92,145909,'2023-10-22 13:17:19','2023-10-22 13:17:19'),(581,6,'2023-10-20 13:15:00',7.85,7.92,7.83,7.92,174923,'2023-10-22 13:17:19','2023-10-22 13:17:19'),(582,6,'2023-10-20 13:10:00',7.84,7.87,7.84,7.86,166408,'2023-10-22 13:17:19','2023-10-22 13:17:19'),(583,6,'2023-10-20 13:05:00',7.91,7.91,7.82,7.85,380084,'2023-10-22 13:17:19','2023-10-22 13:17:19'),(584,6,'2023-10-20 13:00:00',7.96,7.96,7.89,7.90,200765,'2023-10-22 13:17:19','2023-10-22 13:17:19'),(585,6,'2023-10-20 12:55:00',7.94,7.97,7.93,7.97,143237,'2023-10-22 13:17:19','2023-10-22 13:17:19'),(586,6,'2023-10-20 12:50:00',7.95,7.96,7.93,7.94,167388,'2023-10-22 13:17:19','2023-10-22 13:17:19'),(587,6,'2023-10-20 12:45:00',7.95,7.99,7.93,7.95,145384,'2023-10-22 13:17:19','2023-10-22 13:17:19'),(588,6,'2023-10-20 12:40:00',7.94,7.96,7.93,7.95,90647,'2023-10-22 13:17:19','2023-10-22 13:17:19'),(589,6,'2023-10-20 12:35:00',7.95,7.97,7.93,7.95,324294,'2023-10-22 13:17:19','2023-10-22 13:17:19'),(590,6,'2023-10-20 12:30:00',7.92,7.95,7.91,7.94,173255,'2023-10-22 13:17:19','2023-10-22 13:17:19'),(591,6,'2023-10-20 12:25:00',7.93,7.95,7.91,7.92,114878,'2023-10-22 13:17:19','2023-10-22 13:17:19'),(592,6,'2023-10-20 12:20:00',7.94,7.97,7.93,7.94,226673,'2023-10-22 13:17:19','2023-10-22 13:17:19'),(593,6,'2023-10-20 12:15:00',7.92,7.95,7.89,7.94,206370,'2023-10-22 13:17:19','2023-10-22 13:17:19'),(594,6,'2023-10-20 12:10:00',7.93,7.94,7.91,7.91,150010,'2023-10-22 13:17:19','2023-10-22 13:17:19'),(595,6,'2023-10-20 12:05:00',7.97,7.97,7.92,7.93,157171,'2023-10-22 13:17:19','2023-10-22 13:17:19'),(596,6,'2023-10-20 12:00:00',8.03,8.05,7.94,7.96,467555,'2023-10-22 13:17:19','2023-10-22 13:17:19'),(597,6,'2023-10-20 11:55:00',8.04,8.05,8.03,8.03,245442,'2023-10-22 13:17:19','2023-10-22 13:17:19'),(598,6,'2023-10-20 11:50:00',7.98,8.07,7.97,8.03,652165,'2023-10-22 13:17:19','2023-10-22 13:17:19'),(599,6,'2023-10-20 11:45:00',7.93,7.99,7.91,7.98,436391,'2023-10-22 13:17:19','2023-10-22 13:17:19'),(600,6,'2023-10-20 11:40:00',7.91,7.95,7.88,7.92,322059,'2023-10-22 13:17:19','2023-10-22 13:17:19'),(601,7,'2023-10-20 19:55:00',58.29,58.29,58.27,58.27,200,'2023-10-22 13:17:32','2023-10-22 13:17:32'),(602,7,'2023-10-20 19:50:00',58.00,58.00,58.00,58.00,100,'2023-10-22 13:17:32','2023-10-22 13:17:32'),(603,7,'2023-10-20 19:35:00',58.25,58.25,58.25,58.25,2,'2023-10-22 13:17:32','2023-10-22 13:17:32'),(604,7,'2023-10-20 19:25:00',58.25,58.25,58.25,58.25,2,'2023-10-22 13:17:32','2023-10-22 13:17:32'),(605,7,'2023-10-20 19:20:00',58.24,58.24,58.24,58.24,150,'2023-10-22 13:17:32','2023-10-22 13:17:32'),(606,7,'2023-10-20 19:10:00',58.21,58.21,58.21,58.21,20,'2023-10-22 13:17:32','2023-10-22 13:17:32'),(607,7,'2023-10-20 19:05:00',58.34,58.34,58.25,58.25,269,'2023-10-22 13:17:32','2023-10-22 13:17:32'),(608,7,'2023-10-20 19:00:00',58.21,58.26,58.21,58.26,1188717,'2023-10-22 13:17:32','2023-10-22 13:17:32'),(609,7,'2023-10-20 18:50:00',58.21,58.21,58.21,58.21,70,'2023-10-22 13:17:32','2023-10-22 13:17:32'),(610,7,'2023-10-20 18:35:00',58.47,58.47,58.47,58.47,80,'2023-10-22 13:17:32','2023-10-22 13:17:32'),(611,7,'2023-10-20 18:30:00',58.21,58.21,58.21,58.21,1188706,'2023-10-22 13:17:32','2023-10-22 13:17:32'),(612,7,'2023-10-20 18:20:00',58.21,58.21,58.21,58.21,1,'2023-10-22 13:17:32','2023-10-22 13:17:32'),(613,7,'2023-10-20 18:15:00',58.21,58.21,58.21,58.21,10,'2023-10-22 13:17:32','2023-10-22 13:17:32'),(614,7,'2023-10-20 18:10:00',58.30,58.30,58.30,58.30,1000,'2023-10-22 13:17:32','2023-10-22 13:17:32'),(615,7,'2023-10-20 18:00:00',58.21,58.22,58.21,58.21,429,'2023-10-22 13:17:32','2023-10-22 13:17:32'),(616,7,'2023-10-20 17:50:00',58.22,58.22,58.22,58.22,10,'2023-10-22 13:17:32','2023-10-22 13:17:32'),(617,7,'2023-10-20 17:45:00',58.22,58.22,58.22,58.22,3,'2023-10-22 13:17:32','2023-10-22 13:17:32'),(618,7,'2023-10-20 17:40:00',58.21,58.22,58.21,58.22,38,'2023-10-22 13:17:32','2023-10-22 13:17:32'),(619,7,'2023-10-20 17:35:00',58.22,58.22,58.22,58.22,14,'2023-10-22 13:17:32','2023-10-22 13:17:32'),(620,7,'2023-10-20 17:30:00',58.21,58.21,58.21,58.21,20,'2023-10-22 13:17:32','2023-10-22 13:17:32'),(621,7,'2023-10-20 17:25:00',58.20,58.21,58.20,58.21,700,'2023-10-22 13:17:32','2023-10-22 13:17:32'),(622,7,'2023-10-20 17:20:00',58.22,58.22,58.09,58.09,127,'2023-10-22 13:17:32','2023-10-22 13:17:32'),(623,7,'2023-10-20 17:15:00',58.23,58.23,58.22,58.22,277,'2023-10-22 13:17:32','2023-10-22 13:17:32'),(624,7,'2023-10-20 17:10:00',58.28,58.28,58.28,58.28,5,'2023-10-22 13:17:32','2023-10-22 13:17:32'),(625,7,'2023-10-20 17:00:00',58.49,58.49,58.49,58.49,4,'2023-10-22 13:17:32','2023-10-22 13:17:32'),(626,7,'2023-10-20 16:50:00',58.32,58.32,58.31,58.32,466,'2023-10-22 13:17:32','2023-10-22 13:17:32'),(627,7,'2023-10-20 16:45:00',58.47,58.47,58.36,58.36,1611,'2023-10-22 13:17:32','2023-10-22 13:17:32'),(628,7,'2023-10-20 16:40:00',58.37,58.37,58.37,58.37,1,'2023-10-22 13:17:32','2023-10-22 13:17:32'),(629,7,'2023-10-20 16:35:00',58.34,58.36,58.33,58.36,3999,'2023-10-22 13:17:32','2023-10-22 13:17:32'),(630,7,'2023-10-20 16:25:00',58.27,58.27,58.27,58.27,1000,'2023-10-22 13:17:32','2023-10-22 13:17:32'),(631,7,'2023-10-20 16:20:00',58.21,58.21,58.06,58.06,18850,'2023-10-22 13:17:32','2023-10-22 13:17:32'),(632,7,'2023-10-20 16:15:00',58.21,58.21,58.21,58.21,40,'2023-10-22 13:17:32','2023-10-22 13:17:32'),(633,7,'2023-10-20 16:10:00',58.21,58.21,58.21,58.21,1188894,'2023-10-22 13:17:32','2023-10-22 13:17:32'),(634,7,'2023-10-20 16:05:00',58.21,58.49,58.21,58.21,17403,'2023-10-22 13:17:32','2023-10-22 13:17:32'),(635,7,'2023-10-20 16:00:00',58.22,58.22,58.06,58.21,2773415,'2023-10-22 13:17:32','2023-10-22 13:17:32'),(636,7,'2023-10-20 15:55:00',58.26,58.31,58.20,58.20,516882,'2023-10-22 13:17:32','2023-10-22 13:17:32'),(637,7,'2023-10-20 15:50:00',58.40,58.42,58.21,58.26,269328,'2023-10-22 13:17:32','2023-10-22 13:17:32'),(638,7,'2023-10-20 15:45:00',58.42,58.46,58.35,58.41,297971,'2023-10-22 13:17:32','2023-10-22 13:17:32'),(639,7,'2023-10-20 15:40:00',58.64,58.65,58.38,58.43,150832,'2023-10-22 13:17:32','2023-10-22 13:17:32'),(640,7,'2023-10-20 15:35:00',58.58,58.66,58.56,58.65,140848,'2023-10-22 13:17:32','2023-10-22 13:17:32'),(641,7,'2023-10-20 15:30:00',58.63,58.68,58.52,58.58,126761,'2023-10-22 13:17:32','2023-10-22 13:17:32'),(642,7,'2023-10-20 15:25:00',58.59,58.66,58.58,58.62,90730,'2023-10-22 13:17:32','2023-10-22 13:17:32'),(643,7,'2023-10-20 15:20:00',58.65,58.65,58.58,58.59,88758,'2023-10-22 13:17:32','2023-10-22 13:17:32'),(644,7,'2023-10-20 15:15:00',58.60,58.69,58.55,58.65,80842,'2023-10-22 13:17:32','2023-10-22 13:17:32'),(645,7,'2023-10-20 15:10:00',58.69,58.71,58.52,58.61,111188,'2023-10-22 13:17:32','2023-10-22 13:17:32'),(646,7,'2023-10-20 15:05:00',58.66,58.74,58.64,58.69,84090,'2023-10-22 13:17:32','2023-10-22 13:17:32'),(647,7,'2023-10-20 15:00:00',58.76,58.78,58.67,58.67,54700,'2023-10-22 13:17:32','2023-10-22 13:17:32'),(648,7,'2023-10-20 14:55:00',58.67,58.81,58.67,58.77,55948,'2023-10-22 13:17:32','2023-10-22 13:17:32'),(649,7,'2023-10-20 14:50:00',58.69,58.71,58.60,58.67,78054,'2023-10-22 13:17:32','2023-10-22 13:17:32'),(650,7,'2023-10-20 14:45:00',58.58,58.72,58.58,58.69,59402,'2023-10-22 13:17:32','2023-10-22 13:17:32'),(651,7,'2023-10-20 14:40:00',58.77,58.77,58.53,58.59,79115,'2023-10-22 13:17:32','2023-10-22 13:17:32'),(652,7,'2023-10-20 14:35:00',58.84,58.93,58.77,58.78,61193,'2023-10-22 13:17:32','2023-10-22 13:17:32'),(653,7,'2023-10-20 14:30:00',58.80,58.86,58.75,58.86,52707,'2023-10-22 13:17:32','2023-10-22 13:17:32'),(654,7,'2023-10-20 14:25:00',58.72,58.89,58.72,58.80,60903,'2023-10-22 13:17:32','2023-10-22 13:17:32'),(655,7,'2023-10-20 14:20:00',58.73,58.77,58.68,58.72,48850,'2023-10-22 13:17:32','2023-10-22 13:17:32'),(656,7,'2023-10-20 14:15:00',58.59,58.72,58.59,58.72,51939,'2023-10-22 13:17:32','2023-10-22 13:17:32'),(657,7,'2023-10-20 14:10:00',58.45,58.67,58.45,58.59,95326,'2023-10-22 13:17:32','2023-10-22 13:17:32'),(658,7,'2023-10-20 14:05:00',58.70,58.70,58.44,58.46,55073,'2023-10-22 13:17:32','2023-10-22 13:17:32'),(659,7,'2023-10-20 14:00:00',58.79,58.81,58.68,58.70,65647,'2023-10-22 13:17:32','2023-10-22 13:17:32'),(660,7,'2023-10-20 13:55:00',58.78,58.80,58.74,58.79,50968,'2023-10-22 13:17:32','2023-10-22 13:17:32'),(661,7,'2023-10-20 13:50:00',58.78,58.79,58.71,58.79,64346,'2023-10-22 13:17:32','2023-10-22 13:17:32'),(662,7,'2023-10-20 13:45:00',58.77,58.80,58.72,58.79,49615,'2023-10-22 13:17:32','2023-10-22 13:17:32'),(663,7,'2023-10-20 13:40:00',58.75,58.91,58.75,58.78,65442,'2023-10-22 13:17:32','2023-10-22 13:17:32'),(664,7,'2023-10-20 13:35:00',58.68,58.80,58.64,58.75,66523,'2023-10-22 13:17:32','2023-10-22 13:17:32'),(665,7,'2023-10-20 13:30:00',58.70,58.74,58.56,58.69,87381,'2023-10-22 13:17:32','2023-10-22 13:17:32'),(666,7,'2023-10-20 13:25:00',58.69,58.82,58.65,58.70,54709,'2023-10-22 13:17:32','2023-10-22 13:17:32'),(667,7,'2023-10-20 13:20:00',58.60,58.72,58.52,58.67,123831,'2023-10-22 13:17:32','2023-10-22 13:17:32'),(668,7,'2023-10-20 13:15:00',58.58,58.62,58.44,58.59,153906,'2023-10-22 13:17:32','2023-10-22 13:17:32'),(669,7,'2023-10-20 13:10:00',58.46,58.64,58.45,58.58,92478,'2023-10-22 13:17:32','2023-10-22 13:17:32'),(670,7,'2023-10-20 13:05:00',58.36,58.46,58.25,58.46,110638,'2023-10-22 13:17:32','2023-10-22 13:17:32'),(671,7,'2023-10-20 13:00:00',58.68,58.69,58.33,58.35,100485,'2023-10-22 13:17:32','2023-10-22 13:17:32'),(672,7,'2023-10-20 12:55:00',58.68,58.80,58.63,58.70,88185,'2023-10-22 13:17:32','2023-10-22 13:17:32'),(673,7,'2023-10-20 12:50:00',58.79,58.82,58.68,58.69,79775,'2023-10-22 13:17:32','2023-10-22 13:17:32'),(674,7,'2023-10-20 12:45:00',58.77,58.86,58.74,58.79,69705,'2023-10-22 13:17:32','2023-10-22 13:17:32'),(675,7,'2023-10-20 12:40:00',58.84,58.85,58.76,58.77,86454,'2023-10-22 13:17:32','2023-10-22 13:17:32'),(676,7,'2023-10-20 12:35:00',58.79,58.90,58.69,58.84,116324,'2023-10-22 13:17:32','2023-10-22 13:17:32'),(677,7,'2023-10-20 12:30:00',58.71,58.82,58.65,58.78,128383,'2023-10-22 13:17:32','2023-10-22 13:17:32'),(678,7,'2023-10-20 12:25:00',58.50,58.75,58.50,58.70,391778,'2023-10-22 13:17:32','2023-10-22 13:17:32'),(679,7,'2023-10-20 12:20:00',58.44,58.58,58.27,58.51,102707,'2023-10-22 13:17:32','2023-10-22 13:17:32'),(680,7,'2023-10-20 12:15:00',58.37,58.47,58.30,58.45,110315,'2023-10-22 13:17:32','2023-10-22 13:17:32'),(681,7,'2023-10-20 12:10:00',58.17,58.38,58.12,58.37,112283,'2023-10-22 13:17:32','2023-10-22 13:17:32'),(682,7,'2023-10-20 12:05:00',58.26,58.29,58.12,58.17,88304,'2023-10-22 13:17:32','2023-10-22 13:17:32'),(683,7,'2023-10-20 12:00:00',58.23,58.33,58.09,58.27,99436,'2023-10-22 13:17:32','2023-10-22 13:17:32'),(684,7,'2023-10-20 11:55:00',58.20,58.29,58.15,58.23,249644,'2023-10-22 13:17:32','2023-10-22 13:17:32'),(685,7,'2023-10-20 11:50:00',57.90,58.22,57.88,58.20,136245,'2023-10-22 13:17:32','2023-10-22 13:17:32'),(686,7,'2023-10-20 11:45:00',58.01,58.09,57.92,57.92,149599,'2023-10-22 13:17:32','2023-10-22 13:17:32'),(687,7,'2023-10-20 11:40:00',57.77,58.08,57.77,58.01,144398,'2023-10-22 13:17:32','2023-10-22 13:17:32'),(688,7,'2023-10-20 11:35:00',57.61,57.82,57.59,57.76,123046,'2023-10-22 13:17:32','2023-10-22 13:17:32'),(689,7,'2023-10-20 11:30:00',57.49,57.62,57.43,57.61,69530,'2023-10-22 13:17:32','2023-10-22 13:17:32'),(690,7,'2023-10-20 11:25:00',57.38,57.53,57.35,57.48,106090,'2023-10-22 13:17:32','2023-10-22 13:17:32'),(691,7,'2023-10-20 11:20:00',57.29,57.44,57.27,57.38,67776,'2023-10-22 13:17:32','2023-10-22 13:17:32'),(692,7,'2023-10-20 11:15:00',57.30,57.32,57.17,57.29,102136,'2023-10-22 13:17:32','2023-10-22 13:17:32'),(693,7,'2023-10-20 11:10:00',57.13,57.32,57.07,57.30,95191,'2023-10-22 13:17:32','2023-10-22 13:17:32'),(694,7,'2023-10-20 11:05:00',57.15,57.24,57.05,57.14,75025,'2023-10-22 13:17:32','2023-10-22 13:17:32'),(695,7,'2023-10-20 11:00:00',57.29,57.33,57.08,57.13,80641,'2023-10-22 13:17:32','2023-10-22 13:17:32'),(696,7,'2023-10-20 10:55:00',57.33,57.41,57.24,57.29,103257,'2023-10-22 13:17:32','2023-10-22 13:17:32'),(697,7,'2023-10-20 10:50:00',57.51,57.68,57.35,57.35,166465,'2023-10-22 13:17:32','2023-10-22 13:17:32'),(698,7,'2023-10-20 10:45:00',57.09,57.50,57.03,57.50,112307,'2023-10-22 13:17:32','2023-10-22 13:17:32'),(699,7,'2023-10-20 10:40:00',57.69,57.69,57.07,57.12,155695,'2023-10-22 13:17:32','2023-10-22 13:17:32'),(700,7,'2023-10-20 10:35:00',57.64,57.72,57.47,57.69,275218,'2023-10-22 13:17:32','2023-10-22 13:17:32'),(701,8,'2023-10-20 19:55:00',47.72,47.76,47.52,47.52,1077,'2023-10-22 13:17:45','2023-10-22 13:17:45'),(702,8,'2023-10-20 19:50:00',47.66,47.87,47.52,47.75,231,'2023-10-22 13:17:45','2023-10-22 13:17:45'),(703,8,'2023-10-20 19:45:00',47.68,47.70,47.61,47.61,229,'2023-10-22 13:17:45','2023-10-22 13:17:45'),(704,8,'2023-10-20 19:40:00',47.70,47.70,47.70,47.70,8,'2023-10-22 13:17:45','2023-10-22 13:17:45'),(705,8,'2023-10-20 19:35:00',47.69,47.88,47.69,47.69,119,'2023-10-22 13:17:45','2023-10-22 13:17:45'),(706,8,'2023-10-20 19:30:00',47.69,47.73,47.69,47.73,110,'2023-10-22 13:17:45','2023-10-22 13:17:45'),(707,8,'2023-10-20 19:25:00',47.60,47.78,47.60,47.60,211,'2023-10-22 13:17:45','2023-10-22 13:17:45'),(708,8,'2023-10-20 19:20:00',47.88,47.88,47.74,47.75,31,'2023-10-22 13:17:45','2023-10-22 13:17:45'),(709,8,'2023-10-20 19:15:00',47.88,47.88,47.61,47.61,85,'2023-10-22 13:17:45','2023-10-22 13:17:45'),(710,8,'2023-10-20 19:10:00',47.78,47.78,47.51,47.51,344,'2023-10-22 13:17:45','2023-10-22 13:17:45'),(711,8,'2023-10-20 19:05:00',47.57,47.79,47.53,47.70,137,'2023-10-22 13:17:45','2023-10-22 13:17:45'),(712,8,'2023-10-20 19:00:00',47.77,47.77,47.60,47.60,2781,'2023-10-22 13:17:45','2023-10-22 13:17:45'),(713,8,'2023-10-20 18:55:00',47.71,47.71,47.66,47.66,109,'2023-10-22 13:17:45','2023-10-22 13:17:45'),(714,8,'2023-10-20 18:50:00',47.70,47.88,47.66,47.77,131,'2023-10-22 13:17:45','2023-10-22 13:17:45'),(715,8,'2023-10-20 18:45:00',47.64,47.75,47.64,47.75,298,'2023-10-22 13:17:45','2023-10-22 13:17:45'),(716,8,'2023-10-20 18:40:00',47.76,47.76,47.70,47.72,248,'2023-10-22 13:17:45','2023-10-22 13:17:45'),(717,8,'2023-10-20 18:35:00',47.75,47.77,47.64,47.76,1967,'2023-10-22 13:17:45','2023-10-22 13:17:45'),(718,8,'2023-10-20 18:30:00',47.79,47.80,47.75,47.76,525,'2023-10-22 13:17:45','2023-10-22 13:17:45'),(719,8,'2023-10-20 18:25:00',47.80,47.80,47.67,47.79,204,'2023-10-22 13:17:45','2023-10-22 13:17:45'),(720,8,'2023-10-20 18:20:00',47.75,47.89,47.75,47.89,14,'2023-10-22 13:17:45','2023-10-22 13:17:45'),(721,8,'2023-10-20 18:15:00',47.72,47.89,47.70,47.70,340,'2023-10-22 13:17:45','2023-10-22 13:17:45'),(722,8,'2023-10-20 18:10:00',47.71,47.84,47.71,47.83,123,'2023-10-22 13:17:45','2023-10-22 13:17:45'),(723,8,'2023-10-20 18:05:00',47.84,47.84,47.72,47.72,151,'2023-10-22 13:17:45','2023-10-22 13:17:45'),(724,8,'2023-10-20 18:00:00',47.80,47.84,47.80,47.84,6,'2023-10-22 13:17:45','2023-10-22 13:17:45'),(725,8,'2023-10-20 17:55:00',47.85,47.85,47.71,47.83,198,'2023-10-22 13:17:45','2023-10-22 13:17:45'),(726,8,'2023-10-20 17:50:00',47.86,47.86,47.70,47.85,333,'2023-10-22 13:17:45','2023-10-22 13:17:45'),(727,8,'2023-10-20 17:45:00',47.87,47.89,47.71,47.85,183,'2023-10-22 13:17:45','2023-10-22 13:17:45'),(728,8,'2023-10-20 17:40:00',47.70,47.89,47.64,47.89,233,'2023-10-22 13:17:45','2023-10-22 13:17:45'),(729,8,'2023-10-20 17:35:00',47.88,47.95,47.64,47.70,550,'2023-10-22 13:17:45','2023-10-22 13:17:45'),(730,8,'2023-10-20 17:30:00',47.75,47.99,47.64,47.65,472,'2023-10-22 13:17:45','2023-10-22 13:17:45'),(731,8,'2023-10-20 17:25:00',47.75,47.99,47.70,47.99,2703,'2023-10-22 13:17:45','2023-10-22 13:17:45'),(732,8,'2023-10-20 17:20:00',47.85,47.90,47.70,47.86,325,'2023-10-22 13:17:45','2023-10-22 13:17:45'),(733,8,'2023-10-20 17:15:00',47.85,47.90,47.85,47.85,515,'2023-10-22 13:17:45','2023-10-22 13:17:45'),(734,8,'2023-10-20 17:10:00',47.90,47.90,47.89,47.89,220,'2023-10-22 13:17:45','2023-10-22 13:17:45'),(735,8,'2023-10-20 17:05:00',47.85,47.90,47.70,47.90,1245,'2023-10-22 13:17:45','2023-10-22 13:17:45'),(736,8,'2023-10-20 17:00:00',47.86,47.90,47.85,47.85,644,'2023-10-22 13:17:45','2023-10-22 13:17:45'),(737,8,'2023-10-20 16:55:00',47.94,47.99,47.85,47.87,39936,'2023-10-22 13:17:45','2023-10-22 13:17:45'),(738,8,'2023-10-20 16:50:00',47.90,47.96,47.87,47.90,65,'2023-10-22 13:17:45','2023-10-22 13:17:45'),(739,8,'2023-10-20 16:45:00',47.99,48.00,47.96,47.96,7,'2023-10-22 13:17:45','2023-10-22 13:17:45'),(740,8,'2023-10-20 16:40:00',47.90,47.99,47.83,47.87,1339,'2023-10-22 13:17:45','2023-10-22 13:17:45'),(741,8,'2023-10-20 16:35:00',48.00,48.00,47.87,47.87,43,'2023-10-22 13:17:45','2023-10-22 13:17:45'),(742,8,'2023-10-20 16:30:00',47.90,47.90,47.81,47.90,196,'2023-10-22 13:17:45','2023-10-22 13:17:45'),(743,8,'2023-10-20 16:25:00',48.04,48.09,47.81,48.09,953,'2023-10-22 13:17:45','2023-10-22 13:17:45'),(744,8,'2023-10-20 16:20:00',48.08,48.09,47.81,47.81,284,'2023-10-22 13:17:45','2023-10-22 13:17:45'),(745,8,'2023-10-20 16:15:00',47.99,48.09,47.87,48.07,195,'2023-10-22 13:17:45','2023-10-22 13:17:45'),(746,8,'2023-10-20 16:10:00',48.00,48.05,47.81,47.92,187096,'2023-10-22 13:17:45','2023-10-22 13:17:45'),(747,8,'2023-10-20 16:05:00',47.71,48.31,47.70,48.00,3841,'2023-10-22 13:17:45','2023-10-22 13:17:45'),(748,8,'2023-10-20 16:00:00',47.87,48.24,47.71,47.80,346387,'2023-10-22 13:17:45','2023-10-22 13:17:45'),(749,8,'2023-10-20 15:55:00',48.01,48.01,47.87,47.87,258123,'2023-10-22 13:17:45','2023-10-22 13:17:45'),(750,8,'2023-10-20 15:50:00',48.00,48.13,47.95,48.02,99078,'2023-10-22 13:17:45','2023-10-22 13:17:45'),(751,8,'2023-10-20 15:45:00',48.13,48.15,48.00,48.01,73840,'2023-10-22 13:17:45','2023-10-22 13:17:45'),(752,8,'2023-10-20 15:40:00',48.12,48.16,48.10,48.12,49977,'2023-10-22 13:17:45','2023-10-22 13:17:45'),(753,8,'2023-10-20 15:35:00',48.20,48.23,48.12,48.13,51782,'2023-10-22 13:17:45','2023-10-22 13:17:45'),(754,8,'2023-10-20 15:30:00',48.13,48.29,48.13,48.19,106848,'2023-10-22 13:17:45','2023-10-22 13:17:45'),(755,8,'2023-10-20 15:25:00',48.10,48.13,48.06,48.12,35742,'2023-10-22 13:17:45','2023-10-22 13:17:45'),(756,8,'2023-10-20 15:20:00',48.15,48.16,48.05,48.10,52601,'2023-10-22 13:17:45','2023-10-22 13:17:45'),(757,8,'2023-10-20 15:15:00',48.08,48.17,48.04,48.17,32064,'2023-10-22 13:17:45','2023-10-22 13:17:45'),(758,8,'2023-10-20 15:10:00',47.97,48.07,47.96,48.07,42132,'2023-10-22 13:17:45','2023-10-22 13:17:45'),(759,8,'2023-10-20 15:05:00',48.07,48.09,47.98,47.98,28538,'2023-10-22 13:17:45','2023-10-22 13:17:45'),(760,8,'2023-10-20 15:00:00',47.98,48.08,47.97,48.06,59519,'2023-10-22 13:17:45','2023-10-22 13:17:45'),(761,8,'2023-10-20 14:55:00',47.97,48.05,47.95,47.96,35746,'2023-10-22 13:17:45','2023-10-22 13:17:45'),(762,8,'2023-10-20 14:50:00',47.87,48.00,47.86,47.97,30756,'2023-10-22 13:17:45','2023-10-22 13:17:45'),(763,8,'2023-10-20 14:45:00',47.84,47.96,47.83,47.88,39426,'2023-10-22 13:17:45','2023-10-22 13:17:45'),(764,8,'2023-10-20 14:40:00',47.88,47.88,47.80,47.85,26321,'2023-10-22 13:17:45','2023-10-22 13:17:45'),(765,8,'2023-10-20 14:35:00',47.90,47.93,47.82,47.87,28366,'2023-10-22 13:17:45','2023-10-22 13:17:45'),(766,8,'2023-10-20 14:30:00',47.88,47.91,47.82,47.91,38444,'2023-10-22 13:17:45','2023-10-22 13:17:45'),(767,8,'2023-10-20 14:25:00',47.92,47.92,47.84,47.90,21992,'2023-10-22 13:17:45','2023-10-22 13:17:45'),(768,8,'2023-10-20 14:20:00',47.90,47.96,47.86,47.91,19809,'2023-10-22 13:17:45','2023-10-22 13:17:45'),(769,8,'2023-10-20 14:15:00',47.87,47.93,47.80,47.88,31765,'2023-10-22 13:17:45','2023-10-22 13:17:45'),(770,8,'2023-10-20 14:10:00',47.94,47.96,47.80,47.88,34348,'2023-10-22 13:17:45','2023-10-22 13:17:45'),(771,8,'2023-10-20 14:05:00',48.03,48.04,47.92,47.96,17477,'2023-10-22 13:17:45','2023-10-22 13:17:45'),(772,8,'2023-10-20 14:00:00',48.16,48.17,47.99,48.02,30025,'2023-10-22 13:17:45','2023-10-22 13:17:45'),(773,8,'2023-10-20 13:55:00',47.95,48.16,47.94,48.14,50746,'2023-10-22 13:17:45','2023-10-22 13:17:45'),(774,8,'2023-10-20 13:50:00',47.93,48.05,47.93,47.97,36469,'2023-10-22 13:17:45','2023-10-22 13:17:45'),(775,8,'2023-10-20 13:45:00',48.01,48.04,47.87,47.92,38372,'2023-10-22 13:17:45','2023-10-22 13:17:45'),(776,8,'2023-10-20 13:40:00',48.18,48.24,48.02,48.02,24885,'2023-10-22 13:17:45','2023-10-22 13:17:45'),(777,8,'2023-10-20 13:35:00',48.22,48.27,48.18,48.18,24349,'2023-10-22 13:17:45','2023-10-22 13:17:45'),(778,8,'2023-10-20 13:30:00',48.25,48.35,48.22,48.22,55943,'2023-10-22 13:17:45','2023-10-22 13:17:45'),(779,8,'2023-10-20 13:25:00',48.21,48.24,48.14,48.22,18911,'2023-10-22 13:17:45','2023-10-22 13:17:45'),(780,8,'2023-10-20 13:20:00',48.30,48.35,48.17,48.23,40236,'2023-10-22 13:17:45','2023-10-22 13:17:45'),(781,8,'2023-10-20 13:15:00',48.15,48.34,48.12,48.33,49504,'2023-10-22 13:17:45','2023-10-22 13:17:45'),(782,8,'2023-10-20 13:10:00',48.03,48.18,48.02,48.16,41236,'2023-10-22 13:17:45','2023-10-22 13:17:45'),(783,8,'2023-10-20 13:05:00',48.04,48.09,47.94,48.03,39793,'2023-10-22 13:17:45','2023-10-22 13:17:45'),(784,8,'2023-10-20 13:00:00',48.17,48.17,47.99,48.04,26364,'2023-10-22 13:17:45','2023-10-22 13:17:45'),(785,8,'2023-10-20 12:55:00',48.11,48.17,48.02,48.16,36641,'2023-10-22 13:17:45','2023-10-22 13:17:45'),(786,8,'2023-10-20 12:50:00',48.09,48.23,48.07,48.15,39033,'2023-10-22 13:17:45','2023-10-22 13:17:45'),(787,8,'2023-10-20 12:45:00',47.89,48.10,47.89,48.10,33355,'2023-10-22 13:17:45','2023-10-22 13:17:45'),(788,8,'2023-10-20 12:40:00',47.96,47.96,47.80,47.88,20931,'2023-10-22 13:17:45','2023-10-22 13:17:45'),(789,8,'2023-10-20 12:35:00',47.92,48.08,47.88,47.96,54656,'2023-10-22 13:17:45','2023-10-22 13:17:45'),(790,8,'2023-10-20 12:30:00',47.89,47.96,47.80,47.93,35419,'2023-10-22 13:17:45','2023-10-22 13:17:45'),(791,8,'2023-10-20 12:25:00',47.68,47.92,47.61,47.88,50038,'2023-10-22 13:17:45','2023-10-22 13:17:45'),(792,8,'2023-10-20 12:20:00',47.63,47.77,47.61,47.69,37903,'2023-10-22 13:17:45','2023-10-22 13:17:45'),(793,8,'2023-10-20 12:15:00',47.64,47.67,47.59,47.61,27048,'2023-10-22 13:17:45','2023-10-22 13:17:45'),(794,8,'2023-10-20 12:10:00',47.90,47.91,47.59,47.63,50291,'2023-10-22 13:17:45','2023-10-22 13:17:45'),(795,8,'2023-10-20 12:05:00',47.78,47.92,47.73,47.90,48548,'2023-10-22 13:17:45','2023-10-22 13:17:45'),(796,8,'2023-10-20 12:00:00',47.57,47.77,47.51,47.77,37716,'2023-10-22 13:17:45','2023-10-22 13:17:45'),(797,8,'2023-10-20 11:55:00',47.65,47.75,47.53,47.56,51457,'2023-10-22 13:17:45','2023-10-22 13:17:45'),(798,8,'2023-10-20 11:50:00',47.66,47.74,47.50,47.65,72546,'2023-10-22 13:17:45','2023-10-22 13:17:45'),(799,8,'2023-10-20 11:45:00',47.56,47.69,47.54,47.66,43538,'2023-10-22 13:17:45','2023-10-22 13:17:45'),(800,8,'2023-10-20 11:40:00',47.30,47.72,47.29,47.56,140787,'2023-10-22 13:17:45','2023-10-22 13:17:45'),(801,9,'2023-10-20 19:55:00',2.15,2.23,2.15,2.22,12751,'2023-10-22 13:17:57','2023-10-22 13:17:57'),(802,9,'2023-10-20 19:50:00',2.15,2.16,2.14,2.15,1179,'2023-10-22 13:17:57','2023-10-22 13:17:57'),(803,9,'2023-10-20 19:45:00',2.16,2.16,2.14,2.15,3914,'2023-10-22 13:17:57','2023-10-22 13:17:57'),(804,9,'2023-10-20 19:40:00',2.18,2.18,2.14,2.17,3455,'2023-10-22 13:17:57','2023-10-22 13:17:57'),(805,9,'2023-10-20 19:35:00',2.14,2.16,2.13,2.16,2432,'2023-10-22 13:17:57','2023-10-22 13:17:57'),(806,9,'2023-10-20 19:30:00',2.12,2.14,2.12,2.14,4567,'2023-10-22 13:17:57','2023-10-22 13:17:57'),(807,9,'2023-10-20 19:25:00',2.11,2.11,2.11,2.11,512,'2023-10-22 13:17:57','2023-10-22 13:17:57'),(808,9,'2023-10-20 19:20:00',2.12,2.13,2.11,2.11,4235,'2023-10-22 13:17:57','2023-10-22 13:17:57'),(809,9,'2023-10-20 19:15:00',2.12,2.12,2.12,2.12,700,'2023-10-22 13:17:57','2023-10-22 13:17:57'),(810,9,'2023-10-20 19:10:00',2.11,2.11,2.10,2.10,1456,'2023-10-22 13:17:57','2023-10-22 13:17:57'),(811,9,'2023-10-20 19:05:00',2.11,2.13,2.11,2.13,4682,'2023-10-22 13:17:57','2023-10-22 13:17:57'),(812,9,'2023-10-20 19:00:00',2.10,2.11,2.10,2.11,1052,'2023-10-22 13:17:57','2023-10-22 13:17:57'),(813,9,'2023-10-20 18:55:00',2.11,2.11,2.09,2.10,1265,'2023-10-22 13:17:57','2023-10-22 13:17:57'),(814,9,'2023-10-20 18:50:00',2.10,2.11,2.10,2.11,801,'2023-10-22 13:17:57','2023-10-22 13:17:57'),(815,9,'2023-10-20 18:45:00',2.12,2.12,2.11,2.12,1512,'2023-10-22 13:17:57','2023-10-22 13:17:57'),(816,9,'2023-10-20 18:40:00',2.11,2.12,2.10,2.10,1102,'2023-10-22 13:17:57','2023-10-22 13:17:57'),(817,9,'2023-10-20 18:35:00',2.12,2.12,2.11,2.12,387,'2023-10-22 13:17:57','2023-10-22 13:17:57'),(818,9,'2023-10-20 18:30:00',2.11,2.11,2.11,2.11,26,'2023-10-22 13:17:57','2023-10-22 13:17:57'),(819,9,'2023-10-20 18:25:00',2.11,2.12,2.09,2.12,525,'2023-10-22 13:17:57','2023-10-22 13:17:57'),(820,9,'2023-10-20 18:20:00',2.11,2.11,2.09,2.10,1226,'2023-10-22 13:17:57','2023-10-22 13:17:57'),(821,9,'2023-10-20 18:15:00',2.11,2.12,2.11,2.12,572,'2023-10-22 13:17:57','2023-10-22 13:17:57'),(822,9,'2023-10-20 18:10:00',2.10,2.11,2.09,2.10,2244,'2023-10-22 13:17:57','2023-10-22 13:17:57'),(823,9,'2023-10-20 18:05:00',2.10,2.10,2.09,2.10,94,'2023-10-22 13:17:57','2023-10-22 13:17:57'),(824,9,'2023-10-20 18:00:00',2.09,2.10,2.09,2.10,580,'2023-10-22 13:17:57','2023-10-22 13:17:57'),(825,9,'2023-10-20 17:55:00',2.10,2.12,2.07,2.12,3322,'2023-10-22 13:17:57','2023-10-22 13:17:57'),(826,9,'2023-10-20 17:50:00',2.10,2.10,2.06,2.10,3493,'2023-10-22 13:17:57','2023-10-22 13:17:57'),(827,9,'2023-10-20 17:45:00',2.11,2.11,2.10,2.10,2068,'2023-10-22 13:17:57','2023-10-22 13:17:57'),(828,9,'2023-10-20 17:40:00',2.11,2.12,2.11,2.11,1120,'2023-10-22 13:17:57','2023-10-22 13:17:57'),(829,9,'2023-10-20 17:35:00',2.10,2.12,2.10,2.10,1868,'2023-10-22 13:17:57','2023-10-22 13:17:57'),(830,9,'2023-10-20 17:30:00',2.12,2.13,2.12,2.12,3426,'2023-10-22 13:17:57','2023-10-22 13:17:57'),(831,9,'2023-10-20 17:25:00',2.11,2.13,2.10,2.12,2715,'2023-10-22 13:17:57','2023-10-22 13:17:57'),(832,9,'2023-10-20 17:20:00',2.11,2.11,2.11,2.11,1527,'2023-10-22 13:17:57','2023-10-22 13:17:57'),(833,9,'2023-10-20 17:15:00',2.11,2.13,2.10,2.10,2581,'2023-10-22 13:17:57','2023-10-22 13:17:57'),(834,9,'2023-10-20 17:10:00',2.08,2.11,2.07,2.11,1152,'2023-10-22 13:17:57','2023-10-22 13:17:57'),(835,9,'2023-10-20 17:05:00',2.06,2.10,2.06,2.10,5281,'2023-10-22 13:17:57','2023-10-22 13:17:57'),(836,9,'2023-10-20 17:00:00',2.06,2.10,2.06,2.10,7699,'2023-10-22 13:17:57','2023-10-22 13:17:57'),(837,9,'2023-10-20 16:55:00',2.05,2.10,2.05,2.06,2641,'2023-10-22 13:17:57','2023-10-22 13:17:57'),(838,9,'2023-10-20 16:50:00',2.05,2.13,2.04,2.10,23288,'2023-10-22 13:17:57','2023-10-22 13:17:57'),(839,9,'2023-10-20 16:45:00',2.03,2.06,2.03,2.04,990,'2023-10-22 13:17:57','2023-10-22 13:17:57'),(840,9,'2023-10-20 16:40:00',2.05,2.07,2.03,2.03,3464,'2023-10-22 13:17:57','2023-10-22 13:17:57'),(841,9,'2023-10-20 16:35:00',2.04,2.06,2.02,2.05,3862,'2023-10-22 13:17:57','2023-10-22 13:17:57'),(842,9,'2023-10-20 16:30:00',2.02,2.03,2.01,2.03,3149,'2023-10-22 13:17:57','2023-10-22 13:17:57'),(843,9,'2023-10-20 16:25:00',2.00,2.02,2.00,2.01,5341,'2023-10-22 13:17:57','2023-10-22 13:17:57'),(844,9,'2023-10-20 16:20:00',2.03,2.03,2.00,2.03,1371,'2023-10-22 13:17:57','2023-10-22 13:17:57'),(845,9,'2023-10-20 16:15:00',2.00,2.01,1.96,2.01,21376,'2023-10-22 13:17:57','2023-10-22 13:17:57'),(846,9,'2023-10-20 16:10:00',2.00,2.04,1.98,2.00,15467,'2023-10-22 13:17:57','2023-10-22 13:17:57'),(847,9,'2023-10-20 16:05:00',2.05,2.06,2.00,2.00,17715,'2023-10-22 13:17:57','2023-10-22 13:17:57'),(848,9,'2023-10-20 16:00:00',2.09,2.10,2.04,2.05,68868,'2023-10-22 13:17:57','2023-10-22 13:17:57'),(849,9,'2023-10-20 15:55:00',2.05,2.10,2.01,2.09,355824,'2023-10-22 13:17:57','2023-10-22 13:17:57'),(850,9,'2023-10-20 15:50:00',2.02,2.05,2.00,2.05,191051,'2023-10-22 13:17:57','2023-10-22 13:17:57'),(851,9,'2023-10-20 15:45:00',2.00,2.06,2.00,2.02,146183,'2023-10-22 13:17:57','2023-10-22 13:17:57'),(852,9,'2023-10-20 15:40:00',2.03,2.06,1.96,2.00,249394,'2023-10-22 13:17:57','2023-10-22 13:17:57'),(853,9,'2023-10-20 15:35:00',2.15,2.15,1.95,2.04,383036,'2023-10-22 13:17:57','2023-10-22 13:17:57'),(854,9,'2023-10-20 15:30:00',2.13,2.19,2.12,2.14,103177,'2023-10-22 13:17:57','2023-10-22 13:17:57'),(855,9,'2023-10-20 15:25:00',2.13,2.15,2.10,2.13,167766,'2023-10-22 13:17:57','2023-10-22 13:17:57'),(856,9,'2023-10-20 15:20:00',2.21,2.22,2.13,2.14,107401,'2023-10-22 13:17:57','2023-10-22 13:17:57'),(857,9,'2023-10-20 15:15:00',2.18,2.22,2.18,2.20,78704,'2023-10-22 13:17:57','2023-10-22 13:17:57'),(858,9,'2023-10-20 15:10:00',2.26,2.26,2.12,2.19,535971,'2023-10-22 13:17:57','2023-10-22 13:17:57'),(859,9,'2023-10-20 15:05:00',2.43,2.53,2.25,2.26,1423997,'2023-10-22 13:17:57','2023-10-22 13:17:57'),(860,9,'2023-10-20 15:00:00',2.34,2.48,2.34,2.43,609333,'2023-10-22 13:17:57','2023-10-22 13:17:57'),(861,9,'2023-10-20 14:55:00',2.29,2.36,2.29,2.34,78131,'2023-10-22 13:17:57','2023-10-22 13:17:57'),(862,9,'2023-10-20 14:50:00',2.29,2.31,2.29,2.31,13153,'2023-10-22 13:17:57','2023-10-22 13:17:57'),(863,9,'2023-10-20 14:45:00',2.34,2.36,2.25,2.29,71199,'2023-10-22 13:17:57','2023-10-22 13:17:57'),(864,9,'2023-10-20 14:40:00',2.25,2.38,2.25,2.34,216211,'2023-10-22 13:17:57','2023-10-22 13:17:57'),(865,9,'2023-10-20 14:35:00',2.25,2.29,2.21,2.25,93810,'2023-10-22 13:17:57','2023-10-22 13:17:57'),(866,9,'2023-10-20 14:30:00',2.33,2.33,2.21,2.25,189146,'2023-10-22 13:17:57','2023-10-22 13:17:57'),(867,9,'2023-10-20 14:25:00',2.31,2.40,2.30,2.33,420833,'2023-10-22 13:17:57','2023-10-22 13:17:57'),(868,9,'2023-10-20 14:20:00',2.22,2.31,2.22,2.31,76638,'2023-10-22 13:17:57','2023-10-22 13:17:57'),(869,9,'2023-10-20 14:15:00',2.27,2.27,2.21,2.22,62627,'2023-10-22 13:17:57','2023-10-22 13:17:57'),(870,9,'2023-10-20 14:10:00',2.28,2.29,2.26,2.28,24234,'2023-10-22 13:17:57','2023-10-22 13:17:57'),(871,9,'2023-10-20 14:05:00',2.29,2.30,2.25,2.28,41670,'2023-10-22 13:17:57','2023-10-22 13:17:57'),(872,9,'2023-10-20 14:00:00',2.22,2.32,2.22,2.29,207956,'2023-10-22 13:17:57','2023-10-22 13:17:57'),(873,9,'2023-10-20 13:55:00',2.23,2.25,2.19,2.22,92701,'2023-10-22 13:17:57','2023-10-22 13:17:57'),(874,9,'2023-10-20 13:50:00',2.27,2.27,2.20,2.22,97879,'2023-10-22 13:17:57','2023-10-22 13:17:57'),(875,9,'2023-10-20 13:45:00',2.25,2.26,2.23,2.26,44105,'2023-10-22 13:17:57','2023-10-22 13:17:57'),(876,9,'2023-10-20 13:40:00',2.31,2.31,2.24,2.25,56549,'2023-10-22 13:17:57','2023-10-22 13:17:57'),(877,9,'2023-10-20 13:35:00',2.29,2.32,2.27,2.31,38963,'2023-10-22 13:17:57','2023-10-22 13:17:57'),(878,9,'2023-10-20 13:30:00',2.29,2.35,2.28,2.29,162346,'2023-10-22 13:17:57','2023-10-22 13:17:57'),(879,9,'2023-10-20 13:25:00',2.24,2.30,2.23,2.30,81052,'2023-10-22 13:17:57','2023-10-22 13:17:57'),(880,9,'2023-10-20 13:20:00',2.23,2.25,2.20,2.23,54030,'2023-10-22 13:17:57','2023-10-22 13:17:57'),(881,9,'2023-10-20 13:15:00',2.28,2.29,2.21,2.23,133102,'2023-10-22 13:17:57','2023-10-22 13:17:57'),(882,9,'2023-10-20 13:10:00',2.33,2.35,2.24,2.29,319901,'2023-10-22 13:17:57','2023-10-22 13:17:57'),(883,9,'2023-10-20 13:05:00',2.27,2.33,2.24,2.33,122205,'2023-10-22 13:17:57','2023-10-22 13:17:57'),(884,9,'2023-10-20 13:00:00',2.29,2.32,2.24,2.28,169134,'2023-10-22 13:17:57','2023-10-22 13:17:57'),(885,9,'2023-10-20 12:55:00',2.19,2.32,2.19,2.28,229788,'2023-10-22 13:17:57','2023-10-22 13:17:57'),(886,9,'2023-10-20 12:50:00',2.23,2.23,2.19,2.19,38907,'2023-10-22 13:17:57','2023-10-22 13:17:57'),(887,9,'2023-10-20 12:45:00',2.20,2.24,2.19,2.22,64069,'2023-10-22 13:17:57','2023-10-22 13:17:57'),(888,9,'2023-10-20 12:40:00',2.21,2.22,2.19,2.20,35401,'2023-10-22 13:17:57','2023-10-22 13:17:57'),(889,9,'2023-10-20 12:35:00',2.22,2.22,2.19,2.20,33990,'2023-10-22 13:17:57','2023-10-22 13:17:57'),(890,9,'2023-10-20 12:30:00',2.16,2.24,2.15,2.21,104560,'2023-10-22 13:17:57','2023-10-22 13:17:57'),(891,9,'2023-10-20 12:25:00',2.19,2.31,2.15,2.15,463279,'2023-10-22 13:17:57','2023-10-22 13:17:57'),(892,9,'2023-10-20 12:20:00',2.19,2.20,2.16,2.17,62763,'2023-10-22 13:17:57','2023-10-22 13:17:57'),(893,9,'2023-10-20 12:15:00',2.17,2.20,2.16,2.19,58868,'2023-10-22 13:17:57','2023-10-22 13:17:57'),(894,9,'2023-10-20 12:10:00',2.13,2.22,2.12,2.19,192847,'2023-10-22 13:17:57','2023-10-22 13:17:57'),(895,9,'2023-10-20 12:05:00',2.14,2.15,2.10,2.13,64367,'2023-10-22 13:17:57','2023-10-22 13:17:57'),(896,9,'2023-10-20 12:00:00',2.14,2.18,2.10,2.15,112335,'2023-10-22 13:17:57','2023-10-22 13:17:57'),(897,9,'2023-10-20 11:55:00',2.14,2.15,2.07,2.14,265761,'2023-10-22 13:17:57','2023-10-22 13:17:57'),(898,9,'2023-10-20 11:50:00',2.20,2.25,2.11,2.14,330094,'2023-10-22 13:17:57','2023-10-22 13:17:57'),(899,9,'2023-10-20 11:45:00',2.22,2.24,2.20,2.20,156172,'2023-10-22 13:17:57','2023-10-22 13:17:57'),(900,9,'2023-10-20 11:40:00',2.23,2.25,2.17,2.22,224626,'2023-10-22 13:17:57','2023-10-22 13:17:57'),(901,10,'2023-10-20 19:45:00',7.12,7.16,7.12,7.16,384,'2023-10-22 13:18:11','2023-10-22 13:18:11'),(902,10,'2023-10-20 19:15:00',7.14,7.16,7.14,7.16,2,'2023-10-22 13:18:11','2023-10-22 13:18:11'),(903,10,'2023-10-20 19:00:00',7.16,7.16,7.14,7.14,640561,'2023-10-22 13:18:11','2023-10-22 13:18:11'),(904,10,'2023-10-20 18:55:00',7.14,7.14,7.14,7.14,1,'2023-10-22 13:18:11','2023-10-22 13:18:11'),(905,10,'2023-10-20 18:50:00',7.14,7.14,7.14,7.14,14,'2023-10-22 13:18:11','2023-10-22 13:18:11'),(906,10,'2023-10-20 18:45:00',7.14,7.14,7.13,7.14,22,'2023-10-22 13:18:11','2023-10-22 13:18:11'),(907,10,'2023-10-20 18:35:00',7.15,7.16,7.15,7.16,500,'2023-10-22 13:18:11','2023-10-22 13:18:11'),(908,10,'2023-10-20 18:30:00',7.16,7.16,7.16,7.16,640551,'2023-10-22 13:18:11','2023-10-22 13:18:11'),(909,10,'2023-10-20 18:20:00',7.12,7.12,7.12,7.12,2108,'2023-10-22 13:18:11','2023-10-22 13:18:11'),(910,10,'2023-10-20 18:15:00',7.15,7.15,7.15,7.15,10,'2023-10-22 13:18:11','2023-10-22 13:18:11'),(911,10,'2023-10-20 18:05:00',7.12,7.12,7.12,7.12,24,'2023-10-22 13:18:11','2023-10-22 13:18:11'),(912,10,'2023-10-20 17:55:00',7.14,7.15,7.12,7.12,17,'2023-10-22 13:18:11','2023-10-22 13:18:11'),(913,10,'2023-10-20 17:50:00',7.12,7.12,7.12,7.12,55,'2023-10-22 13:18:11','2023-10-22 13:18:11'),(914,10,'2023-10-20 17:45:00',7.15,7.15,7.15,7.15,25,'2023-10-22 13:18:11','2023-10-22 13:18:11'),(915,10,'2023-10-20 17:30:00',7.10,7.15,7.10,7.15,90,'2023-10-22 13:18:11','2023-10-22 13:18:11'),(916,10,'2023-10-20 17:25:00',7.10,7.12,7.10,7.12,2,'2023-10-22 13:18:11','2023-10-22 13:18:11'),(917,10,'2023-10-20 17:20:00',7.15,7.15,7.15,7.15,8,'2023-10-22 13:18:11','2023-10-22 13:18:11'),(918,10,'2023-10-20 17:10:00',7.13,7.13,7.10,7.10,23967,'2023-10-22 13:18:11','2023-10-22 13:18:11'),(919,10,'2023-10-20 17:05:00',7.14,7.14,7.14,7.14,4808,'2023-10-22 13:18:11','2023-10-22 13:18:11'),(920,10,'2023-10-20 17:00:00',7.15,7.15,7.15,7.15,500,'2023-10-22 13:18:11','2023-10-22 13:18:11'),(921,10,'2023-10-20 16:50:00',7.15,7.15,7.15,7.15,100,'2023-10-22 13:18:11','2023-10-22 13:18:11'),(922,10,'2023-10-20 16:45:00',7.15,7.15,7.15,7.15,35,'2023-10-22 13:18:11','2023-10-22 13:18:11'),(923,10,'2023-10-20 16:40:00',7.15,7.15,7.15,7.15,3,'2023-10-22 13:18:11','2023-10-22 13:18:11'),(924,10,'2023-10-20 16:35:00',7.13,7.13,7.13,7.13,34,'2023-10-22 13:18:11','2023-10-22 13:18:11'),(925,10,'2023-10-20 16:30:00',7.14,7.14,7.14,7.14,7,'2023-10-22 13:18:11','2023-10-22 13:18:11'),(926,10,'2023-10-20 16:20:00',7.14,7.14,7.14,7.14,1,'2023-10-22 13:18:11','2023-10-22 13:18:11'),(927,10,'2023-10-20 16:15:00',7.13,7.13,7.13,7.13,350,'2023-10-22 13:18:11','2023-10-22 13:18:11'),(928,10,'2023-10-20 16:10:00',7.16,7.16,7.13,7.13,641076,'2023-10-22 13:18:11','2023-10-22 13:18:11'),(929,10,'2023-10-20 16:05:00',7.14,7.15,7.13,7.15,9210,'2023-10-22 13:18:11','2023-10-22 13:18:11'),(930,10,'2023-10-20 16:00:00',7.16,7.16,7.13,7.13,1363544,'2023-10-22 13:18:11','2023-10-22 13:18:11'),(931,10,'2023-10-20 15:55:00',7.16,7.17,7.16,7.16,517471,'2023-10-22 13:18:11','2023-10-22 13:18:11'),(932,10,'2023-10-20 15:50:00',7.17,7.17,7.15,7.16,479118,'2023-10-22 13:18:11','2023-10-22 13:18:11'),(933,10,'2023-10-20 15:45:00',7.16,7.17,7.15,7.17,136739,'2023-10-22 13:18:11','2023-10-22 13:18:11'),(934,10,'2023-10-20 15:40:00',7.17,7.17,7.15,7.16,252575,'2023-10-22 13:18:11','2023-10-22 13:18:11'),(935,10,'2023-10-20 15:35:00',7.16,7.17,7.15,7.17,147227,'2023-10-22 13:18:11','2023-10-22 13:18:11'),(936,10,'2023-10-20 15:30:00',7.14,7.16,7.13,7.16,198862,'2023-10-22 13:18:11','2023-10-22 13:18:11'),(937,10,'2023-10-20 15:25:00',7.09,7.14,7.09,7.14,180565,'2023-10-22 13:18:11','2023-10-22 13:18:11'),(938,10,'2023-10-20 15:20:00',7.12,7.13,7.09,7.09,215739,'2023-10-22 13:18:11','2023-10-22 13:18:11'),(939,10,'2023-10-20 15:15:00',7.15,7.16,7.12,7.12,192429,'2023-10-22 13:18:11','2023-10-22 13:18:11'),(940,10,'2023-10-20 15:10:00',7.16,7.16,7.15,7.16,56449,'2023-10-22 13:18:11','2023-10-22 13:18:11'),(941,10,'2023-10-20 15:05:00',7.17,7.18,7.16,7.16,106637,'2023-10-22 13:18:11','2023-10-22 13:18:11'),(942,10,'2023-10-20 15:00:00',7.18,7.19,7.17,7.17,52401,'2023-10-22 13:18:11','2023-10-22 13:18:11'),(943,10,'2023-10-20 14:55:00',7.16,7.18,7.16,7.18,57421,'2023-10-22 13:18:11','2023-10-22 13:18:11'),(944,10,'2023-10-20 14:50:00',7.14,7.16,7.14,7.16,180773,'2023-10-22 13:18:11','2023-10-22 13:18:11'),(945,10,'2023-10-20 14:45:00',7.13,7.15,7.13,7.14,68544,'2023-10-22 13:18:11','2023-10-22 13:18:11'),(946,10,'2023-10-20 14:40:00',7.17,7.17,7.13,7.13,105901,'2023-10-22 13:18:11','2023-10-22 13:18:11'),(947,10,'2023-10-20 14:35:00',7.18,7.19,7.17,7.17,61325,'2023-10-22 13:18:11','2023-10-22 13:18:11'),(948,10,'2023-10-20 14:30:00',7.17,7.18,7.16,7.17,49987,'2023-10-22 13:18:11','2023-10-22 13:18:11'),(949,10,'2023-10-20 14:25:00',7.17,7.19,7.16,7.17,74628,'2023-10-22 13:18:11','2023-10-22 13:18:11'),(950,10,'2023-10-20 14:20:00',7.17,7.17,7.16,7.17,65386,'2023-10-22 13:18:11','2023-10-22 13:18:11'),(951,10,'2023-10-20 14:15:00',7.17,7.17,7.15,7.17,65969,'2023-10-22 13:18:11','2023-10-22 13:18:11'),(952,10,'2023-10-20 14:10:00',7.16,7.17,7.16,7.16,55935,'2023-10-22 13:18:11','2023-10-22 13:18:11'),(953,10,'2023-10-20 14:05:00',7.18,7.19,7.15,7.15,97703,'2023-10-22 13:18:11','2023-10-22 13:18:11'),(954,10,'2023-10-20 14:00:00',7.19,7.20,7.18,7.19,63904,'2023-10-22 13:18:11','2023-10-22 13:18:11'),(955,10,'2023-10-20 13:55:00',7.17,7.19,7.17,7.19,32176,'2023-10-22 13:18:11','2023-10-22 13:18:11'),(956,10,'2023-10-20 13:50:00',7.17,7.18,7.17,7.17,39200,'2023-10-22 13:18:11','2023-10-22 13:18:11'),(957,10,'2023-10-20 13:45:00',7.17,7.18,7.16,7.17,103547,'2023-10-22 13:18:11','2023-10-22 13:18:11'),(958,10,'2023-10-20 13:40:00',7.16,7.18,7.16,7.17,49373,'2023-10-22 13:18:11','2023-10-22 13:18:11'),(959,10,'2023-10-20 13:35:00',7.17,7.18,7.16,7.17,72282,'2023-10-22 13:18:11','2023-10-22 13:18:11'),(960,10,'2023-10-20 13:30:00',7.19,7.20,7.16,7.16,37058,'2023-10-22 13:18:11','2023-10-22 13:18:11'),(961,10,'2023-10-20 13:25:00',7.17,7.20,7.17,7.18,83508,'2023-10-22 13:18:11','2023-10-22 13:18:11'),(962,10,'2023-10-20 13:20:00',7.15,7.17,7.15,7.17,68516,'2023-10-22 13:18:11','2023-10-22 13:18:11'),(963,10,'2023-10-20 13:15:00',7.16,7.17,7.14,7.15,100048,'2023-10-22 13:18:11','2023-10-22 13:18:11'),(964,10,'2023-10-20 13:10:00',7.13,7.16,7.13,7.16,150705,'2023-10-22 13:18:11','2023-10-22 13:18:11'),(965,10,'2023-10-20 13:05:00',7.15,7.16,7.13,7.13,60028,'2023-10-22 13:18:11','2023-10-22 13:18:11'),(966,10,'2023-10-20 13:00:00',7.18,7.18,7.14,7.15,75940,'2023-10-22 13:18:11','2023-10-22 13:18:11'),(967,10,'2023-10-20 12:55:00',7.18,7.20,7.18,7.18,70127,'2023-10-22 13:18:11','2023-10-22 13:18:11'),(968,10,'2023-10-20 12:50:00',7.20,7.21,7.18,7.18,206753,'2023-10-22 13:18:11','2023-10-22 13:18:11'),(969,10,'2023-10-20 12:45:00',7.21,7.23,7.20,7.21,149707,'2023-10-22 13:18:11','2023-10-22 13:18:11'),(970,10,'2023-10-20 12:40:00',7.21,7.22,7.21,7.21,75344,'2023-10-22 13:18:11','2023-10-22 13:18:11'),(971,10,'2023-10-20 12:35:00',7.17,7.22,7.16,7.21,136497,'2023-10-22 13:18:11','2023-10-22 13:18:11'),(972,10,'2023-10-20 12:30:00',7.16,7.17,7.15,7.17,178185,'2023-10-22 13:18:11','2023-10-22 13:18:11'),(973,10,'2023-10-20 12:25:00',7.16,7.16,7.14,7.15,166156,'2023-10-22 13:18:11','2023-10-22 13:18:11'),(974,10,'2023-10-20 12:20:00',7.14,7.16,7.14,7.15,125572,'2023-10-22 13:18:11','2023-10-22 13:18:11'),(975,10,'2023-10-20 12:15:00',7.16,7.16,7.14,7.14,98903,'2023-10-22 13:18:11','2023-10-22 13:18:11'),(976,10,'2023-10-20 12:10:00',7.13,7.16,7.12,7.15,64825,'2023-10-22 13:18:11','2023-10-22 13:18:11'),(977,10,'2023-10-20 12:05:00',7.19,7.20,7.13,7.13,113321,'2023-10-22 13:18:11','2023-10-22 13:18:11'),(978,10,'2023-10-20 12:00:00',7.20,7.20,7.17,7.19,88722,'2023-10-22 13:18:11','2023-10-22 13:18:11'),(979,10,'2023-10-20 11:55:00',7.22,7.23,7.19,7.20,170896,'2023-10-22 13:18:11','2023-10-22 13:18:11'),(980,10,'2023-10-20 11:50:00',7.16,7.23,7.14,7.22,307670,'2023-10-22 13:18:11','2023-10-22 13:18:11'),(981,10,'2023-10-20 11:45:00',7.14,7.17,7.14,7.15,145195,'2023-10-22 13:18:11','2023-10-22 13:18:11'),(982,10,'2023-10-20 11:40:00',7.13,7.16,7.13,7.14,195729,'2023-10-22 13:18:11','2023-10-22 13:18:11'),(983,10,'2023-10-20 11:35:00',7.12,7.15,7.11,7.13,140665,'2023-10-22 13:18:11','2023-10-22 13:18:11'),(984,10,'2023-10-20 11:30:00',7.14,7.15,7.12,7.13,191817,'2023-10-22 13:18:11','2023-10-22 13:18:11'),(985,10,'2023-10-20 11:25:00',7.14,7.15,7.13,7.13,166441,'2023-10-22 13:18:11','2023-10-22 13:18:11'),(986,10,'2023-10-20 11:20:00',7.13,7.15,7.13,7.14,66716,'2023-10-22 13:18:11','2023-10-22 13:18:11'),(987,10,'2023-10-20 11:15:00',7.14,7.15,7.13,7.14,94959,'2023-10-22 13:18:11','2023-10-22 13:18:11'),(988,10,'2023-10-20 11:10:00',7.17,7.18,7.13,7.14,205600,'2023-10-22 13:18:11','2023-10-22 13:18:11'),(989,10,'2023-10-20 11:05:00',7.15,7.18,7.14,7.17,169845,'2023-10-22 13:18:11','2023-10-22 13:18:11'),(990,10,'2023-10-20 11:00:00',7.14,7.18,7.14,7.16,235564,'2023-10-22 13:18:11','2023-10-22 13:18:11'),(991,10,'2023-10-20 10:55:00',7.13,7.16,7.13,7.14,358578,'2023-10-22 13:18:11','2023-10-22 13:18:11'),(992,10,'2023-10-20 10:50:00',7.12,7.15,7.12,7.13,212791,'2023-10-22 13:18:11','2023-10-22 13:18:11'),(993,10,'2023-10-20 10:45:00',7.09,7.12,7.08,7.12,303415,'2023-10-22 13:18:11','2023-10-22 13:18:11'),(994,10,'2023-10-20 10:40:00',7.12,7.12,7.08,7.09,296175,'2023-10-22 13:18:11','2023-10-22 13:18:11'),(995,10,'2023-10-20 10:35:00',7.17,7.17,7.11,7.11,513651,'2023-10-22 13:18:11','2023-10-22 13:18:11'),(996,10,'2023-10-20 10:30:00',7.08,7.18,7.06,7.17,556204,'2023-10-22 13:18:11','2023-10-22 13:18:11'),(997,10,'2023-10-20 10:25:00',7.05,7.10,7.05,7.08,281820,'2023-10-22 13:18:11','2023-10-22 13:18:11'),(998,10,'2023-10-20 10:20:00',7.02,7.06,6.96,7.05,740405,'2023-10-22 13:18:11','2023-10-22 13:18:11'),(999,10,'2023-10-20 10:15:00',7.03,7.03,7.01,7.03,293700,'2023-10-22 13:18:11','2023-10-22 13:18:11'),(1000,10,'2023-10-20 10:10:00',7.08,7.08,7.02,7.03,491288,'2023-10-22 13:18:11','2023-10-22 13:18:11');
/*!40000 ALTER TABLE `symbols_history` ENABLE KEYS */;
UNLOCK TABLES;

--
-- Table structure for table `users`
--

DROP TABLE IF EXISTS `users`;
/*!40101 SET @saved_cs_client     = @@character_set_client */;
/*!40101 SET character_set_client = utf8 */;
CREATE TABLE `users` (
  `id` bigint unsigned NOT NULL AUTO_INCREMENT,
  `name` varchar(255) COLLATE utf8mb4_unicode_ci NOT NULL,
  `email` varchar(255) COLLATE utf8mb4_unicode_ci NOT NULL,
  `email_verified_at` timestamp NULL DEFAULT NULL,
  `password` varchar(255) COLLATE utf8mb4_unicode_ci NOT NULL,
  `remember_token` varchar(100) COLLATE utf8mb4_unicode_ci DEFAULT NULL,
  `created_at` timestamp NULL DEFAULT NULL,
  `updated_at` timestamp NULL DEFAULT NULL,
  PRIMARY KEY (`id`),
  UNIQUE KEY `users_email_unique` (`email`)
) ENGINE=InnoDB DEFAULT CHARSET=utf8mb4 COLLATE=utf8mb4_unicode_ci;
/*!40101 SET character_set_client = @saved_cs_client */;

--
-- Dumping data for table `users`
--

LOCK TABLES `users` WRITE;
/*!40000 ALTER TABLE `users` DISABLE KEYS */;
/*!40000 ALTER TABLE `users` ENABLE KEYS */;
UNLOCK TABLES;

--
-- Dumping routines for database 'xm'
--
/*!40103 SET TIME_ZONE=@OLD_TIME_ZONE */;

/*!40101 SET SQL_MODE=@OLD_SQL_MODE */;
/*!40014 SET FOREIGN_KEY_CHECKS=@OLD_FOREIGN_KEY_CHECKS */;
/*!40014 SET UNIQUE_CHECKS=@OLD_UNIQUE_CHECKS */;
/*!40101 SET CHARACTER_SET_CLIENT=@OLD_CHARACTER_SET_CLIENT */;
/*!40101 SET CHARACTER_SET_RESULTS=@OLD_CHARACTER_SET_RESULTS */;
/*!40101 SET COLLATION_CONNECTION=@OLD_COLLATION_CONNECTION */;
/*!40111 SET SQL_NOTES=@OLD_SQL_NOTES */;

-- Dump completed on 2023-10-22 15:22:59
